Material Name,Symbol,Category,Phase,t_min (K),t_max (K),A,B,C,D,Max Fit Error (%),R²,Molecular Weight (g/mol),NASA Species (ref),Reference Code,Source / Notes
Silver,Ag,Metals and alloys,cr,200,1235.08,23.501612,5.497637,0.568823,0.077693,1.977,0.99839,107.8682,Ag(cr),coda89,"Cubic. Ref-Elm. Cox,1989 p228."
Silver,Ag,Metals and alloys,L,1235.08,6000,33.39981,0,0,0,0,1,107.8682,Ag(L),coda89,"Liquid. Ref-Elm. Cox,1989 p228."
Aluminium,AL,Metals and alloys,cr,200,933.61,13.988785,51.988829,-74.516385,45.031756,1.996,0.99925,26.9815,AL(cr),coda89,"Cubic. Ref-Elm. Cox,1989 p217."
Aluminium,AL,Metals and alloys,L,933.61,6000,31.749819,0,0,0,0,1,26.9815,AL(L),coda89,"Liquid. Ref-Elm. Cox,1989 p217."
ALBr3,ALBr3,Other technologically relevant materials,cr,200,371.16,5.480609,870.287837,-3017.017939,3918.421434,0.274,0.99985,266.6935,ALBr3(cr),tpis96,"Monoclinic. Gurvich,1996a pt1 p187 pt2 p150."
ALBr3,ALBr3,Other technologically relevant materials,L,371.16,6000,124.999288,0,0,0,0,1,266.6935,ALBr3(L),tpis96,"Liquid. Gurvich,1996a pt1 p187 pt2 p150."
ALCL3,ALCL3,Other technologically relevant materials,cr,200,465.7,28.374863,394.337406,-841.893618,758.902262,0.554,0.99973,133.3405,ALCL3(cr),tpis96,"Monoclinic. Gurvich,1996a pt1 p172 pt2 p133."
ALCL3,ALCL3,Other technologically relevant materials,L,465.7,6000,125.499285,0,0,0,0,1,133.3405,ALCL3(L),tpis96,"Liquid. Gurvich,1996a pt1 p172 pt2 p133."
ALF3,ALF3,Other technologically relevant materials,II,100,298.15,-20.325711,519.53813,-668.812255,0,0,1,83.9767,ALF3(II),tpis96,"Hexagonal. Gurvich,1996a pt1 p156 pt2 p119."
ALF3,ALF3,Other technologically relevant materials,II,298.15,728,-26.26185,590.440635,-1036.431094,659.368242,0,1,83.9767,ALF3(II),tpis96,"Hexagonal. Gurvich,1996a pt1 p156 pt2 p119."
ALF3,ALF3,Other technologically relevant materials,I,728,2100,86.653574,18.312656,-5.13716,0.980793,0.065,0.99998,83.9767,ALF3(I),tpis96,"Cubic. Gurvich,1996a pt1 p156 pt2 p119."
ALH3,ALH3,Other technologically relevant materials,a,200,500,-25.550654,334.608873,-440.35609,190.938482,2.379,0.99972,30.0054,ALH3(a),tpis96,"Alpha,hexagonal. Gurvich,1996a pt1 p144 pt2 p108."
ALI3,ALI3,Other technologically relevant materials,cr,298.15,461.47,69.754201,101.806226,-18.405815,15.901324,0.001,1,407.6949,ALI3(cr),tpis96,"Hexagonal. Gurvich,1996a pt1 p193 pt2 p155."
ALI3,ALI3,Other technologically relevant materials,L,461.47,6000,120.99931,0,0,0,0,1,407.6949,ALI3(L),tpis96,"Liquid. Gurvich,1996a pt1 p193 pt2 p155."
ALN,ALN,Refractories,cr,100,300,-7.346489,112.622847,226.543215,-616.432169,2.29,0.99998,40.9882,ALN(cr),tpis96,"Hexagonal. Gurvich,1996a pt1 p202 pt2 p163."
ALN,ALN,Refractories,cr,300,1050,-4.015816,170.106304,-197.65904,79.387811,3.53,0.99623,40.9882,ALN(cr),tpis96,"Hexagonal. Gurvich,1996a pt1 p202 pt2 p163."
ALN,ALN,Refractories,cr,1050,1800,37.943403,14.845493,-6.135377,1.152091,0.011,1,40.9882,ALN(cr),tpis96,"Hexagonal. Gurvich,1996a pt1 p202 pt2 p163."
ALN,ALN,Refractories,L,1800,2700,37.341787,7.865955,0,0,0,1,40.9882,ALN(L),tpis96,"Liquid. Gurvich,1996a pt1 p202 pt2 p163."
ALN,ALN,Refractories,L,2700,6000,66.999618,0,0,0,0,1,40.9882,ALN(L),tpis96,"Liquid. Gurvich,1996a pt1 p202 pt2 p163."
AL(OH)3,AL(OH)3,Other technologically relevant materials,a,100,300,-17.193493,358.928935,418.807406,-1328.800708,0.92,0.99999,78.0036,AL(OH)3(a),tpis96,"Gibbsite. Gurvich,1996a pt1 p150 pt2 p114."
AL(OH)3,AL(OH)3,Other technologically relevant materials,a,300,500,-60.891178,848.879648,-1445.126416,1064.468497,0.014,1,78.0036,AL(OH)3(a),tpis96,"Gibbsite. Gurvich,1996a pt1 p150 pt2 p114."
AL2O3,AL2O3,Refractories,a,200,500,-56.957913,756.335492,-1221.691852,720.977142,0.357,0.99993,101.9613,AL2O3(a),tpis96,"Alpha,corundum. Gurvich,1996a pt1 p134 pt2 p103."
AL2O3,AL2O3,Refractories,a,500,1200,36.939501,221.468138,-195.955798,62.011327,0.39,0.99958,101.9613,AL2O3(a),tpis96,"Alpha,corundum. Gurvich,1996a pt1 p134 pt2 p103."
AL2O3,AL2O3,Refractories,a,1200,2327,107.570387,16.568906,0,0,0,1,101.9613,AL2O3(a),tpis96,"Alpha,corundum. Gurvich,1996a pt1 p134 pt2 p103."
AL2O3,AL2O3,Refractories,L,2327,6000,162.899072,0,0,0,0,1,101.9613,AL2O3(L),tpis96,"Liquid. Gurvich,1996a pt1 p134 pt2 p103."
AL2S3,AL2S3,Other technologically relevant materials,a,100,298.15,-11.206317,704.912788,-1056.366456,0,0,1,150.1581,AL2S3(a),tpis96,"Hexagonal alpha. Gurvich,1996a pt1 p201 pt2 p162."
AL2S3,AL2S3,Other technologically relevant materials,a,298.15,1273,72.3595,153.150099,-140.093894,48.573659,1.709,0.99762,150.1581,AL2S3(a),tpis96,"Hexagonal alpha. Gurvich,1996a pt1 p201 pt2 p162."
AL2S3,AL2S3,Other technologically relevant materials,b,1273,1373,139.999202,0,0,0,0,1,150.1581,AL2S3(b),tpis96,"Rhombohedral gamma. Gurvich,1996a pt1 p201 pt2 p162."
AL2S3,AL2S3,Other technologically relevant materials,L,1373,6000,159.999088,0,0,0,0,1,150.1581,AL2S3(L),tpis96,"Liquid. Gurvich,1996a pt1 p201 pt2 p162."
AL2SiO5,AL2SiO5,Refractories,an,200,600,-42.480486,830.362727,-1066.446098,474.345865,0.152,0.99999,162.0456,AL2SiO5(an),j,"Andalusite. Chase,1998 p160."
AL2SiO5,AL2SiO5,Refractories,an,600,1500,111.145343,155.657622,-97.625603,24.937666,0.158,0.99988,162.0456,AL2SiO5(an),j,"Andalusite. Chase,1998 p160."
AL2SiO5,AL2SiO5,Refractories,an,1500,3000,165.603538,31.803615,-2.164716,0.151229,0.005,1,162.0456,AL2SiO5(an),j,"Andalusite. Chase,1998 p160."
AL4C3,AL4C3,Refractories,cr,100,300,-35.638242,700.798679,-416.155053,-739.455102,0.527,1,143.9583,AL4C3(cr),tpis96,"Hexagonal. Gurvich,1996a pt1 p207 pt2 p168."
AL4C3,AL4C3,Refractories,cr,300,850,-2.475239,606.293689,-783.094645,367.52616,1.279,0.99921,143.9583,AL4C3(cr),tpis96,"Hexagonal. Gurvich,1996a pt1 p207 pt2 p168."
AL4C3,AL4C3,Refractories,cr,850,1400,117.172308,90.761395,-38.654626,9.189702,0.009,1,143.9583,AL4C3(cr),tpis96,"Hexagonal. Gurvich,1996a pt1 p207 pt2 p168."
AL4C3,AL4C3,Refractories,cr,1400,2500,137.977503,44.810547,-4.435114,0.608916,0.005,1,143.9583,AL4C3(cr),tpis96,"Hexagonal. Gurvich,1996a pt1 p207 pt2 p168."
Boron,B,Semiconductors,b,200,600,-8.769412,86.783386,-67.392529,7.743291,0.805,0.99998,10.811,B(b),j,"Beta. Ref-Elm. Chase,1998 p177-180. McBride,1993a."
Boron,B,Semiconductors,b,600,2350,10.902584,22.573873,-10.457532,1.894455,1.497,0.99904,10.811,B(b),j,"Beta. Ref-Elm. Chase,1998 p177-180. McBride,1993a."
Boron,B,Semiconductors,L,2350,6000,31.749819,0,0,0,0,1,10.811,B(L),j,"Liquid. Ref-Elm. Chase,1998 p177-180. McBride,1993a."
BN,BN,Refractories,cr,200,450,11.465142,-88.333483,589.918703,-678.514057,3.978,0.9994,24.8177,BN(cr),tpis96,"Hexagonal. Gurvich,1996a pt1 p103 pt2 p82."
BN,BN,Refractories,cr,450,700,-13.138834,160.233599,-182.424761,83.019107,0.034,1,24.8177,BN(cr),tpis96,"Hexagonal. Gurvich,1996a pt1 p103 pt2 p82."
BN,BN,Refractories,cr,700,1200,7.721935,62.943129,-31.644229,5.300024,0.036,1,24.8177,BN(cr),tpis96,"Hexagonal. Gurvich,1996a pt1 p103 pt2 p82."
BN,BN,Refractories,cr,1200,3240,33.299823,17.927294,-6.343729,0.772422,0.322,0.9985,24.8177,BN(cr),tpis96,"Hexagonal. Gurvich,1996a pt1 p103 pt2 p82."
BN,BN,Refractories,L,3240,6000,66.999618,0,0,0,0,1,24.8177,BN(L),tpis96,"Liquid. Gurvich,1996a pt1 p103 pt2 p82."
B2O3,B2O3,Ceramics,cr,100,723,-8.433416,320.913466,-311.16175,120.998154,2.493,0.9998,69.6202,B2O3(cr),tpis96,"Hexagonal. Gurvich,1996a pt1 p21 pt2 p16."
B2O3,B2O3,Ceramics,L,723,6000,135.429865,-6.590344,1.693888,-0.139522,1.166,0.92833,69.6202,B2O3(L),tpis96,"Liquid. Gurvich,1996a pt1 p21 pt2 p16."
B2S3,B2S3,Ceramics,cr,298.15,840,66.577804,196.231998,-170.929597,81.047393,0.281,0.99996,117.817,B2S3(cr),tpis96,"Monoclinic. Gurvich,1996a pt1 p101 pt2 p80."
B2S3,B2S3,Ceramics,L,840,6000,145.999168,0,0,0,0,1,117.817,B2S3(L),tpis96,"Liquid. Gurvich,1996a pt1 p101 pt2 p80."
B3O3H3,B3O3H3,Ceramics,cr,298.15,700,63.084873,10.058468,472.534875,-354.441572,0.378,0.99998,83.455,B3O3H3(cr),j,"Chase,1998 p287."
B3O3H3,B3O3H3,Ceramics,cr,700,1400,-62.747029,571.350857,-382.881948,88.275385,0.037,1,83.455,B3O3H3(cr),j,"Chase,1998 p287."
B3O3H3,B3O3H3,Ceramics,cr,1400,2000,170.671879,62.655652,-15.224764,0.164224,0.004,1,83.455,B3O3H3(cr),j,"Chase,1998 p287."
B4C,B4C,Refractories,cr,200,275,-904.556713,11504.688968,-47397.25913,65947.661861,2.266,0.99818,55.2547,B4C(cr),tpis96,"Hexagonal. Gurvich,1996a pt1 p111 pt2 p89"
B4C,B4C,Refractories,cr,275,350,278.364698,-2884.499579,10672.047698,-11844.939481,0.07,1,55.2547,B4C(cr),tpis96,"Hexagonal. Gurvich,1996a pt1 p111 pt2 p89"
B4C,B4C,Refractories,cr,350,500,-154.529085,1224.100796,-2158.984746,1377.819436,0.37,0.99971,55.2547,B4C(cr),tpis96,"Hexagonal. Gurvich,1996a pt1 p111 pt2 p89"
B4C,B4C,Refractories,cr,500,2743,67.545127,58.366916,-19.040602,5.026763,3.263,0.9994,55.2547,B4C(cr),tpis96,"Hexagonal. Gurvich,1996a pt1 p111 pt2 p89"
B4C,B4C,Refractories,L,2743,6000,135.979225,0,0,0,0,1,55.2547,B4C(L),tpis96,"Liquid. Chase,1998 pp556-8."
Barium,Ba,Metals and alloys,cr,80,298.15,19.102704,75.417104,-284.851248,448.616975,0.462,0.99951,137.327,Ba(cr),srd,"Crystal. Ref-Elm. Alcock,1993."
Barium,Ba,Metals and alloys,cr,298.15,1000,23.058869,16.940903,0,0,0,1,137.327,Ba(cr),srd,"Crystal. Ref-Elm. Alcock,1993."
Barium,Ba,Metals and alloys,L,1000,6000,39.999772,0,0,0,0,1,137.327,Ba(L),srd,"Liquid. Ref-Elm. Alcock,1993."
BaBr2,BaBr2,Other technologically relevant materials,cr,298,1130,68.075122,28.522521,-7.370659,2.803837,0.074,0.99999,297.135,BaBr2(cr),tpis96,"Rhombic. Gurvich,1996a pt1 p578 pt2 p438."
BaBr2,BaBr2,Other technologically relevant materials,L,1130,6000,104.999402,0,0,0,0,1,297.135,BaBr2(L),tpis96,"Liquid. Gurvich,1996a pt1 p578 pt2 p438."
BaCO3,BaCO3,Other technologically relevant materials,a,200,500,93.905398,-344.39461,1566.115227,-1663.056617,1.601,0.9947,197.3359,BaCO3(a),tpis96,"CrIII,rhombic. Gurvich,1996a pt1 p588 pt2 p446."
BaCO3,BaCO3,Other technologically relevant materials,a,500,1083,86.171906,55.76408,-60.775166,62.7527,0.193,0.99998,197.3359,BaCO3(a),tpis96,"CrIII,rhombic. Gurvich,1996a pt1 p588 pt2 p446."
BaCO3,BaCO3,Other technologically relevant materials,b,1083,1233,157.9991,0,0,0,0,1,197.3359,BaCO3(b),tpis96,"CrII,hexagonal. Gurvich,1996a pt1 p588 pt2 p446."
BaCO3,BaCO3,Other technologically relevant materials,c,1233,1828,159.999088,0,0,0,0,1,197.3359,BaCO3(c),tpis96,"CrI,cubic. Gurvich,1996a pt1 p588 pt2 p446."
BaCO3,BaCO3,Other technologically relevant materials,L,1828,6000,164.99906,0,0,0,0,1,197.3359,BaCO3(L),tpis96,"Liquid. Gurvich,1996a pt1 p588 pt2 p446."
BaCL2,BaCL2,Other technologically relevant materials,a,100,500,33.654787,326.542515,-856.530225,774.702244,2.681,0.99615,208.233,BaCL2(a),tpis96,"CrII,rhombic. Gurvich,1996a pt1 p574 pt2 p435."
BaCL2,BaCL2,Other technologically relevant materials,a,500,1198,69.470458,18.87623,0.230964,-0.073174,0.001,1,208.233,BaCL2(a),tpis96,"CrII,rhombic. Gurvich,1996a pt1 p574 pt2 p435."
BaCL2,BaCL2,Other technologically relevant materials,b,1198,1234,130.999253,0,0,0,0,1,208.233,BaCL2(b),tpis96,"CrI,cubic. Gurvich,1996a pt1 p574 pt2 p435."
BaCL2,BaCL2,Other technologically relevant materials,L,1234,6000,108.999379,0,0,0,0,1,208.233,BaCL2(L),tpis96,"Liquid. Gurvich,1996a pt1 p574 pt2 p435."
BaF2,BaF2,Other technologically relevant materials,a,100,300,-24.625039,1019.726096,-3829.121411,4993.164322,0.401,0.99981,175.3238,BaF2(a),tpis96,"CrIII,cubic. Gurvich,1996a pt1 p567 pt2 p431."
BaF2,BaF2,Other technologically relevant materials,a,300,500,60.130758,28.466104,45.673108,-58.752053,0.025,0.99999,175.3238,BaF2(a),tpis96,"CrIII,cubic. Gurvich,1996a pt1 p567 pt2 p431."
BaF2,BaF2,Other technologically relevant materials,a,500,1240,61.274714,37.198063,-6.589436,2.038573,0.021,1,175.3238,BaF2(a),tpis96,"CrIII,cubic. Gurvich,1996a pt1 p567 pt2 p431."
BaF2,BaF2,Other technologically relevant materials,b,1240,1480,125.999282,0,0,0,0,1,175.3238,BaF2(b),tpis96,"CrII. Gurvich,1996a pt1 p567 pt2 p431."
BaF2,BaF2,Other technologically relevant materials,c,1480,1641,128.999265,0,0,0,0,1,175.3238,BaF2(c),tpis96,"CrI. Gurvich,1996a pt1 p567 pt2 p431."
BaF2,BaF2,Other technologically relevant materials,L,1641,6000,104.999402,0,0,0,0,1,175.3238,BaF2(L),tpis96,"Liquid. Gurvich,1996a pt1 p567 pt2 p431."
BaH2,BaH2,Other technologically relevant materials,a,298.15,871,37.671785,27.930841,0,0,0,1,139.3429,BaH2(a),tpis96,"CrII,rhombic Gurvich,1996a pt1 p556 pt2 p424."
BaH2,BaH2,Other technologically relevant materials,b,871,1473,70.999595,0,0,0,0,1,139.3429,BaH2(b),tpis96,"CrI,rhombic Gurvich,1996a pt1 p556 pt2 p424."
BaH2,BaH2,Other technologically relevant materials,L,1473,6000,74.999573,0,0,0,0,1,139.3429,BaH2(L),tpis96,"Liquid Gurvich,1996a pt1 p556 pt2 p424."
BaI2,BaI2,Other technologically relevant materials,cr,100,500,60.015518,125.996317,-311.495391,293.79033,1.094,0.99578,391.1359,BaI2(cr),tpis96,"Rhombic. Gurvich,1996a pt1 p582 pt2 p441."
BaI2,BaI2,Other technologically relevant materials,cr,500,984,71.512934,20.108685,-0.160857,0.058119,0,1,391.1359,BaI2(cr),tpis96,"Rhombic. Gurvich,1996a pt1 p582 pt2 p441."
BaI2,BaI2,Other technologically relevant materials,L,984,6000,112.999356,0,0,0,0,1,391.1359,BaI2(L),tpis96,"Liquid. Gurvich,1996a pt1 p582 pt2 p441."
BaO,BaO,Other technologically relevant materials,cr,200,500,36.841204,27.589432,57.145642,-116.158773,0.381,0.99801,153.3264,BaO(cr),tpis96,"Cubic Gurvich,1996a pt1 p547 pt2 p418."
BaO,BaO,Other technologically relevant materials,cr,500,1400,47.258742,11.196355,-11.449916,4.981543,0.174,0.99937,153.3264,BaO(cr),tpis96,"Cubic Gurvich,1996a pt1 p547 pt2 p418."
BaO,BaO,Other technologically relevant materials,cr,1400,2246,227.233509,-313.750326,170.777666,-25.047704,0.256,0.99999,153.3264,BaO(cr),tpis96,"Cubic Gurvich,1996a pt1 p547 pt2 p418."
BaO,BaO,Other technologically relevant materials,L,2246,6000,83.299525,0,0,0,0,1,153.3264,BaO(L),tpis96,"Liquid Gurvich,1996a pt1 p547 pt2 p418."
Ba(OH)2,Ba(OH)2,Other technologically relevant materials,b,100,519,10.548629,442.294731,-817.337304,748.444296,3.053,0.99951,171.3417,Ba(OH)2(b),tpis96,"CrII,rhombic Gurvich,1996a pt1 p558 pt2 p427."
Ba(OH)2,Ba(OH)2,Other technologically relevant materials,a,519,681,123.999293,0,0,0,0,1,171.3417,Ba(OH)2(a),tpis96,"CrI,rhombic Gurvich,1996a pt1 p558 pt2 p427."
Ba(OH)2,Ba(OH)2,Other technologically relevant materials,L,681,6000,137.999214,0,0,0,0,1,171.3417,Ba(OH)2(L),tpis96,"Liquid Gurvich,1996a pt1 p558 pt2 p427."
BaS,BaS,Other technologically relevant materials,cr,200,500,33.733406,96.887482,-191.370037,141.550489,0.054,0.99993,169.392,BaS(cr),tpis96,"Cubic. Gurvich,1996a pt1 p584 pt2 p443."
BaS,BaS,Other technologically relevant materials,cr,500,2500,47.746948,9.279421,-1.306519,0.23816,0.172,0.99998,169.392,BaS(cr),tpis96,"Cubic. Gurvich,1996a pt1 p584 pt2 p443."
BaS,BaS,Other technologically relevant materials,L,2500,6000,66.999618,0,0,0,0,1,169.392,BaS(L),tpis96,"Liquid. Gurvich,1996a pt1 p584 pt2 p443."
BaSO4,BaSO4,Other technologically relevant materials,a,200,500,63.674526,9.587126,643.388345,-806.777523,1.041,0.99899,233.3896,BaSO4(a),tpis96,"CrII,rhombic. Gurvich,1996a pt1 p587 pt2 p445."
BaSO4,BaSO4,Other technologically relevant materials,a,500,1423,79.20555,126.844593,-61.577856,17.284514,0.26,0.99997,233.3896,BaSO4(a),tpis96,"CrII,rhombic. Gurvich,1996a pt1 p587 pt2 p445."
BaSO4,BaSO4,Other technologically relevant materials,b,1423,1853,169.999031,0,0,0,0,1,233.3896,BaSO4(b),tpis96,"CrI,cubic. Gurvich,1996a pt1 p587 pt2 p445."
BaSO4,BaSO4,Other technologically relevant materials,L,1853,6000,169.999031,0,0,0,0,1,233.3896,BaSO4(L),tpis96,"Liquid. Gurvich,1996a pt1 p587 pt2 p435."
Beryllium,Be,Metals and alloys,a,100,199.07,-0.224789,-50.59126,890.908793,-1913.816599,1.532,0.99999,9.0122,Be(a),srd,"Alpha. Ref-Elm. Alcock,1993."
Beryllium,Be,Metals and alloys,a,199.07,298.15,-10.221903,117.038892,-53.080007,-132.532964,0.01,1,9.0122,Be(a),srd,"Alpha. Ref-Elm. Alcock,1993."
Beryllium,Be,Metals and alloys,a,298.15,920.58,-1.06349,86.361357,-103.828169,46.491732,1.877,0.99908,9.0122,Be(a),srd,"Alpha. Ref-Elm. Alcock,1993."
Beryllium,Be,Metals and alloys,a,920.58,1543,17.035604,12.616197,-3.30628,0.926954,0.009,1,9.0122,Be(a),srd,"Alpha. Ref-Elm. Alcock,1993."
Beryllium,Be,Metals and alloys,b,1543,1563,29.999829,0,0,0,0,1,9.0122,Be(b),srd,"Beta. Ref-Elm. Alcock,1993."
Beryllium,Be,Metals and alloys,L,1563,6000,29.479832,0,0,0,0,1,9.0122,Be(L),srd,"Liquid. Ref-Elm. Alcock,1993."
BeAL2O4,BeAL2O4,Refractories,cr,200,600,-77.625161,987.91816,-1509.702697,850.084659,0.182,0.99998,126.9729,BeAL2O4(cr),j12/79,"Chase,1998 pp139-41."
BeAL2O4,BeAL2O4,Refractories,cr,600,1200,68.794331,231.91374,-177.411541,50.89483,0.064,0.99995,126.9729,BeAL2O4(cr),j12/79,"Chase,1998 pp139-41."
BeAL2O4,BeAL2O4,Refractories,cr,1200,2146,-49.580918,453.622665,-304.979019,71.488583,0.195,0.99989,126.9729,BeAL2O4(cr),j12/79,"Chase,1998 pp139-41."
BeAL2O4,BeAL2O4,Refractories,L,2146,6000,246.407596,0,0,0,0,1,126.9729,BeAL2O4(L),j12/79,"Chase,1998 pp139-41."
BeBr2,BeBr2,Other technologically relevant materials,cr,298.15,781,31.710242,197.600183,-275.308449,137.47469,0.492,0.99935,168.8202,BeBr2(cr),tpis96,"Cr,rhombic. Gurvich,1996a pt1 p376 pt2 p301."
BeBr2,BeBr2,Other technologically relevant materials,L,781,6000,99.99943,0,0,0,0,1,168.8202,BeBr2(L),tpis96,"Liquid.Gurvich,1996a pt1 p376 pt2 p301."
BeCO3,BeCO3,Other technologically relevant materials,cr,298,1010.75,-18.783604,404.318869,-445.655529,184.503443,3.165,0.99884,69.0211,BeCO3(cr),tpis96,"Gurvich,1996a pt1 p385 pt2 p310."
BeCO3,BeCO3,Other technologically relevant materials,cr,1010.75,1723.5,70.159126,65.437422,-14.794462,2.895496,0.009,1,69.0211,BeCO3(cr),tpis96,"Gurvich,1996a pt1 p385 pt2 p310."
BeCO3,BeCO3,Other technologically relevant materials,cr,1723.5,3149,82.205024,43.66467,-1.513945,0.166422,0.004,1,69.0211,BeCO3(cr),tpis96,"Gurvich,1996a pt1 p385 pt2 p310."
BeCO3,BeCO3,Other technologically relevant materials,cr,3149,6000,86.275353,39.573751,-0.124358,0.007285,0.001,1,69.0211,BeCO3(cr),tpis96,"Gurvich,1996a pt1 p385 pt2 p310."
BeCL2,BeCL2,Other technologically relevant materials,a,200,676,12.903494,268.750268,-411.911649,229.135176,0.404,0.99992,79.9182,BeCL2(a),tpis96,"Cr,rhombic. Gurvich,1996a pt1 p370 pt2 p296."
BeCL2,BeCL2,Other technologically relevant materials,b,676,688,66.989618,20.919881,0,0,0,1,79.9182,BeCL2(b),tpis96,"CrI. Gurvich,1996a pt1 p370 pt2 p296."
BeCL2,BeCL2,Other technologically relevant materials,L,688,6000,91.999476,0,0,0,0,1,79.9182,BeCL2(L),tpis96,"Liquid.Gurvich,1996a pt1 p370 pt2 p296."
BeF2,BeF2,Other technologically relevant materials,a,200,493,-10.022051,365.579547,-748.496557,731.186981,0.186,1,47.009,BeF2(a),tpis96,"CrII,hexagonal.Gurvich,1996a pt1 p364 pt2 p292."
BeF2,BeF2,Other technologically relevant materials,b,493,823,46.997732,33.148811,0,0,0,1,47.009,BeF2(b),tpis96,"CrI,hexagonal.Gurvich,1996a pt1 p364 pt2 p292."
BeF2,BeF2,Other technologically relevant materials,L,823,3411.5,43.220684,63.599831,-24.981664,3.211515,2.75,0.98461,47.009,BeF2(L),tpis96,"Liquid.Gurvich,1996a pt1 p364 pt2 p292."
BeF2,BeF2,Other technologically relevant materials,L,3411.5,6000,94.919425,1.842418,-0.545127,0.031008,0.006,1,47.009,BeF2(L),tpis96,"Liquid.Gurvich,1996a pt1 p364 pt2 p292."
BeI2,BeI2,Other technologically relevant materials,cr,298.15,763,29.562474,222.174451,-322.44337,163.668237,0.493,0.99915,262.8211,BeI2(cr),tpis96,"Cr,rhombic. Gurvich,1996a pt1 p379 pt2 p304."
BeI2,BeI2,Other technologically relevant materials,L,763,6000,99.99943,0,0,0,0,1,262.8211,BeI2(L),tpis96,"Liquid.Gurvich,1996a pt1 p379 pt2 p304."
BeO,BeO,Refractories,a,200,1000,-19.070571,211.994735,-240.260336,96.849108,2.346,0.99965,25.0116,BeO(a),tpis96,"CrII,hexagonal. Gurvich,1996a pt1 p348 pt2 p278."
BeO,BeO,Refractories,a,1000,2373,62.101909,-34.222027,26.083964,-5.058944,0.506,0.99962,25.0116,BeO(a),tpis96,"CrII,hexagonal. Gurvich,1996a pt1 p348 pt2 p278."
BeO,BeO,Refractories,b,2373,2851,55.999681,0,0,0,0,1,25.0116,BeO(b),tpis96,"CrI,tetragonal. Gurvich,1996a pt1 p348 pt2 p278."
BeO,BeO,Refractories,L,2851,6000,83.999521,0,0,0,0,1,25.0116,BeO(L),tpis96,"Liquid. Gurvich,1996a pt1 p348 pt2 p278."
Be(OH)2,Be(OH)2,Other technologically relevant materials,b,200,500,26.568584,-115.210058,1232.377116,-1481.172378,3.075,0.99798,43.0269,Be(OH)2(b),tpis96,"Rhombic,beta.Gurvich,1996a pt1 p359 pt2 p289."
Be(OH)2,Be(OH)2,Other technologically relevant materials,b,500,3250,73.558006,52.019469,-15.833962,2.324143,3.154,0.99852,43.0269,Be(OH)2(b),tpis96,"Rhombic,beta.Gurvich,1996a pt1 p359 pt2 p289."
Be(OH)2,Be(OH)2,Other technologically relevant materials,b,3250,6000,97.675155,17.795337,-0.144478,0.008367,0.001,1,43.0269,Be(OH)2(b),tpis96,"Rhombic,beta.Gurvich,1996a pt1 p359 pt2 p289."
BeS,BeS,Other technologically relevant materials,cr,298,1010.75,9.845927,116.482102,-128.204067,53.077075,1.74,0.99885,41.0772,BeS(cr),tpis96,"Cr,cubic. Gurvich,1996a pt1 p381 pt2 p306."
BeS,BeS,Other technologically relevant materials,cr,1010.75,1723.5,35.432549,18.994296,-4.256001,0.832963,0.006,1,41.0772,BeS(cr),tpis96,"Cr,cubic. Gurvich,1996a pt1 p381 pt2 p306."
BeS,BeS,Other technologically relevant materials,cr,1723.5,3149,38.897856,12.730814,-0.435525,0.047875,0.003,1,41.0772,BeS(cr),tpis96,"Cr,cubic. Gurvich,1996a pt1 p381 pt2 p306."
BeS,BeS,Other technologically relevant materials,cr,3149,6000,40.068789,11.553958,-0.035775,0.002096,0.001,1,41.0772,BeS(cr),tpis96,"Cr,cubic. Gurvich,1996a pt1 p381 pt2 p306."
BeSO4,BeSO4,Other technologically relevant materials,a,200,861,-7.404874,435.903957,-499.397011,251.414337,1.909,0.99958,105.0748,BeSO4(a),tpis96,"CrIII,tetr. Gurvich,1996a pt1 p383 pt2 p308."
BeSO4,BeSO4,Other technologically relevant materials,b,861,912,149.999145,0,0,0,0,1,105.0748,BeSO4(b),tpis96,"CrII,rhombic. Gurvich,1996a pt1 p383 pt2 p308."
BeSO4,BeSO4,Other technologically relevant materials,c,912,1400,149.999145,0,0,0,0,1,105.0748,BeSO4(c),tpis96,"CrI,cubic. Gurvich,1996a pt1 p383 pt2 p308."
BeSO4,BeSO4,Other technologically relevant materials,L,1400,6000,149.999145,0,0,0,0,1,105.0748,BeSO4(L),tpis96,"Liquid. Gurvich,1996a pt1 p383 pt2 p308."
Be2C,Be2C,Ceramics,cr,298.15,2400,36.894302,21.363382,0,0,0,1,30.0351,Be2C(cr),bar,"Barin,1989. Barin,1973."
Be2C,Be2C,Ceramics,L,2400,6000,92.047475,0,0,0,0,1,30.0351,Be2C(L),bar,"Barin,1989. Barin,1973."
Be3N2,Be3N2,Ceramics,a,200,500,-72.633257,738.886486,-1134.129839,672.808041,1.396,0.99996,55.0499,Be3N2(a),tpis96,"CrII,cubic. Gurvich,1996a pt1 p384 pt2 p309."
Be3N2,Be3N2,Ceramics,a,500,1673,4.460805,289.398608,-240.457862,70.126538,0.318,0.99994,55.0499,Be3N2(a),tpis96,"CrII,cubic. Gurvich,1996a pt1 p384 pt2 p309."
Be3N2,Be3N2,Ceramics,b,1673,2473,144.999174,0,0,0,0,1,55.0499,Be3N2(b),tpis96,"CrI,hexagonal. Gurvich,1996a pt1 p384 pt2 p309."
Be3N2,Be3N2,Ceramics,L,2473,6000,166.999048,0,0,0,0,1,55.0499,Be3N2(L),tpis96,"Liquid. Gurvich,1996a pt1 p384 pt2 p309."
Br2,Br2,Other technologically relevant materials,cr,200,265.9,-4.336053,689.876879,-3015.608135,5092.860998,0.022,1,159.808,Br2(cr),g,"Rhombic. Gurvich,1989 pt2 p314. Chase,1998 p471 (6/82)."
Br2,Br2,Other technologically relevant materials,L,265.9,332.5,309.141231,-2043.306704,5934.623248,-5727.290213,0.02,0.99996,159.808,Br2(L),g,"Liq.Ref-Elm.Gurvich,1989 pt2 p314.Chase,1998 p471(6/82)."
Br2,Br2,Other technologically relevant materials,L,332.5,6000,75.301571,0,0,0,0,1,159.808,Br2(L),g,"Liq.Ref-Elm.Gurvich,1989 pt2 p314.Chase,1998 p471(6/82)."
Carbon,C,Other technologically relevant materials,gr,200,600,-2.837265,40.170533,-1.660757,-17.755835,0.381,1,12.0107,C(gr),n,"Graphite. Ref-Elm. TRC(4/83) vc,uc,tc1000-1002."
Carbon,C,Other technologically relevant materials,gr,600,2000,2.124865,35.336126,-19.832473,3.968699,1.242,0.99918,12.0107,C(gr),n,"Graphite. Ref-Elm. TRC(4/83) vc,uc,tc1000-1002."
Carbon,C,Other technologically relevant materials,gr,2000,6000,20.721079,2.840418,-0.370608,0.025788,0.147,0.99995,12.0107,C(gr),n,"Graphite. Ref-Elm. TRC(4/83) vc,uc,tc1000-1002."
Calcium,Ca,Metals and alloys,a,200,298.15,11.107319,136.765324,-467.560335,581.976799,0.024,0.99997,40.078,Ca(a),srd,"Alpha. Ref-Elm. Alcock,1993."
Calcium,Ca,Metals and alloys,a,298.15,716,23.865746,-0.675569,26.896752,-12.175648,0.067,0.99999,40.078,Ca(a),srd,"Alpha. Ref-Elm. Alcock,1993."
Calcium,Ca,Metals and alloys,b,716,1115,47.40173,-48.311725,33.441809,0,0,1,40.078,Ca(b),srd,"Beta. Ref-Elm. Alcock,1993."
Calcium,Ca,Metals and alloys,L,1115,6000,37.999783,0,0,0,0,1,40.078,Ca(L),srd,"Liquid. Ref-Elm. Alcock,1993."
CaBr2,CaBr2,Other technologically relevant materials,cr,298.15,1015,65.630725,40.996964,-33.800939,13.948016,0.212,0.99985,199.886,CaBr2(cr),tpis96,"Rhombic Gurvich,1996a pt1 p473 pt2 p368."
CaBr2,CaBr2,Other technologically relevant materials,L,1015,6000,99.99943,0,0,0,0,1,199.886,CaBr2(L),tpis96,"Liquid Gurvich,1996a pt1 p473 pt2 p368."
CaCO3,CaCO3,Other technologically relevant materials,cr,200,500,31.814165,159.525899,163.284675,-386.366051,0.992,0.99917,100.0869,CaCO3(cr),tpis96,"Hexagonal Gurvich,1996a pt1 p483 pt2 p376."
CaCO3,CaCO3,Other technologically relevant materials,cr,500,1603,71.581488,86.197101,-44.601862,11.477068,0.424,0.99988,100.0869,CaCO3(cr),tpis96,"Hexagonal Gurvich,1996a pt1 p483 pt2 p376."
CaCO3,CaCO3,Other technologically relevant materials,L,1603,6000,159.999088,0,0,0,0,1,100.0869,CaCO3(L),tpis96,"Liquid Gurvich,1996a pt1 p483 pt2 p376."
CaCL2,CaCL2,Other technologically relevant materials,cr,100,500,17.219304,433.277154,-1117.419065,988.877067,3.131,0.99631,110.984,CaCL2(cr),tpis96,"Rhombic. Gurvich,1996a pt1 p467 pt2 p365."
CaCL2,CaCL2,Other technologically relevant materials,cr,500,1048,67.004952,25.884631,-13.081915,4.53569,0.015,1,110.984,CaCL2(cr),tpis96,"Rhombic. Gurvich,1996a pt1 p467 pt2 p365."
CaCL2,CaCL2,Other technologically relevant materials,L,1048,6000,128.477899,-27.137015,6.43976,-0.501344,2.981,0.97101,110.984,CaCL2(L),tpis96,"Liquid. Gurvich,1996a pt1 p467 pt2 p365."
CaF2,CaF2,Other technologically relevant materials,a,200,500,44.474766,18.802402,336.474863,-484.100008,1.749,0.99857,78.0748,CaF2(a),tpis96,"CrII,cubic.Gurvich,1996a pt1 p461 pt2 p361."
CaF2,CaF2,Other technologically relevant materials,a,500,1000,70.464608,32.190426,-62.297363,50.927378,0.259,0.99987,78.0748,CaF2(a),tpis96,"CrII,cubic.Gurvich,1996a pt1 p461 pt2 p361."
CaF2,CaF2,Other technologically relevant materials,a,1000,1212,10866.269417,-29185.742499,26222.980252,-7813.313231,1.16,0.99611,78.0748,CaF2(a),tpis96,"CrII,cubic.Gurvich,1996a pt1 p461 pt2 p361."
CaF2,CaF2,Other technologically relevant materials,a,1212,1424,-22417.991819,54159.667644,-43440.308439,11621.89058,0.358,0.99996,78.0748,CaF2(a),tpis96,"CrII,cubic.Gurvich,1996a pt1 p461 pt2 p361."
CaF2,CaF2,Other technologically relevant materials,b,1424,1691,3894.326066,-6189.731281,3297.9312,-564.345478,0.023,0.99999,78.0748,CaF2(b),tpis96,"CrI,cubic.Gurvich,1996a pt1 p461 pt2 p361."
CaF2,CaF2,Other technologically relevant materials,L,1691,6000,98.999436,0,0,0,0,1,78.0748,CaF2(L),tpis96,"Liquid.Gurvich,1996a pt1 p461 pt2 p361."
CaH2,CaH2,Other technologically relevant materials,a,298.15,1053,29.929829,37.128788,0,0,0,1,42.0939,CaH2(a),tpis96,"CrII,rhombic Gurvich,1996a pt1 p449 pt2 p354."
CaH2,CaH2,Other technologically relevant materials,b,1053,1273,68.999607,0,0,0,0,1,42.0939,CaH2(b),tpis96,"CrI,cubic Gurvich,1996a pt1 p449 pt2 p354."
CaH2,CaH2,Other technologically relevant materials,L,1273,6000,74.999573,0,0,0,0,1,42.0939,CaH2(L),tpis96,"Liquid Gurvich,1996a pt1 p449 pt2 p354."
CaI2,CaI2,Other technologically relevant materials,cr,200,500,58.55704,119.767642,-259.953044,223.258226,0.817,0.99638,293.8869,CaI2(cr),tpis96,"Hexagonal Gurvich,1996a pt1 p476 pt2 p371."
CaI2,CaI2,Other technologically relevant materials,cr,500,1056,70.879959,21.857137,-2.830786,0.976549,0.003,1,293.8869,CaI2(cr),tpis96,"Hexagonal Gurvich,1996a pt1 p476 pt2 p371."
CaI2,CaI2,Other technologically relevant materials,L,1056,6000,102.999413,0,0,0,0,1,293.8869,CaI2(L),tpis96,"Liquid Gurvich,1996a pt1 p476 pt2 p371."
CaO,CaO,Refractories,cr,200,500,5.508683,182.479511,-214.076965,45.87457,0.549,0.99932,56.0774,CaO(cr),tpis96,"Cubic Gurvich,1996a pt1 p442 pt2 p348."
CaO,CaO,Refractories,cr,500,3172,51.104289,-4.604628,5.360438,-0.921839,1.855,0.99731,56.0774,CaO(cr),tpis96,"Cubic Gurvich,1996a pt1 p442 pt2 p348."
CaO,CaO,Refractories,L,3172,6000,83.999521,0,0,0,0,1,56.0774,CaO(L),tpis96,"Liquid Gurvich,1996a pt1 p442 pt2 p348."
Ca(OH)2,Ca(OH)2,Other technologically relevant materials,cr,100,500,-28.466542,754.9975,-1586.699804,1195.686277,1.346,0.99983,74.0927,Ca(OH)2(cr),tpis96,"Hexagonal Gurvich,1996a pt1 p454 pt2 p357."
Ca(OH)2,Ca(OH)2,Other technologically relevant materials,cr,500,1023,68.696925,89.449567,-56.811629,20.013023,0.042,1,74.0927,Ca(OH)2(cr),tpis96,"Hexagonal Gurvich,1996a pt1 p454 pt2 p357."
Ca(OH)2,Ca(OH)2,Other technologically relevant materials,L,1023,6000,152.999128,0,0,0,0,1,74.0927,Ca(OH)2(L),tpis96,"Liquid Gurvich,1996a pt1 p454 pt2 p357."
CaS,CaS,Other technologically relevant materials,cr,200,500,5.138179,308.840309,-743.230823,611.557025,0.732,0.99622,72.143,CaS(cr),tpis96,"Cubic Gurvich,1996a pt1 p478 pt2 p373."
CaS,CaS,Other technologically relevant materials,cr,500,2800,45.356154,9.758036,-0.702113,0.116677,0.149,0.99999,72.143,CaS(cr),tpis96,"Cubic Gurvich,1996a pt1 p478 pt2 p373."
CaS,CaS,Other technologically relevant materials,L,2800,6000,66.999618,0,0,0,0,1,72.143,CaS(L),tpis96,"Liquid Gurvich,1996a pt1 p478 pt2 p373."
CaSO4,CaSO4,Other technologically relevant materials,II,200,500,47.978319,92.338093,483.497331,-705.580451,0.714,0.99919,136.1406,CaSO4(II),tpis96,"Rhombic Gurvich,1996a pt1 p481 pt2 p375."
CaSO4,CaSO4,Other technologically relevant materials,II,500,1473,78.113937,126.29919,-62.027097,16.981644,0.317,0.99995,136.1406,CaSO4(II),tpis96,"Rhombic Gurvich,1996a pt1 p481 pt2 p375."
CaSO4,CaSO4,Other technologically relevant materials,I,1473,1733,164.99906,0,0,0,0,1,136.1406,CaSO4(I),tpis96,"Cubic Gurvich,1996a pt1 p481 pt2 p375."
CaSO4,CaSO4,Other technologically relevant materials,L,1733,6000,164.99906,0,0,0,0,1,136.1406,CaSO4(L),tpis96,"Liquid Gurvich,1996a pt1 p481 pt2 p375."
Cadmium,Cd,Metals and alloys,cr,100,223.56,63.542258,-771.45785,4725.738359,-9151.453774,2.416,0.95852,112.411,Cd(cr),coda89,"Crystal. Ref-Elm. Cox,1989 p223."
Cadmium,Cd,Metals and alloys,cr,223.56,347.13,15.066262,96.717895,-306.237973,352.454268,0.029,0.99993,112.411,Cd(cr),coda89,"Crystal. Ref-Elm. Cox,1989 p223."
Cadmium,Cd,Metals and alloys,cr,347.13,594.26,21.198103,19.769674,-18.699436,15.363506,0.11,0.99985,112.411,Cd(cr),coda89,"Crystal. Ref-Elm. Cox,1989 p223."
Cadmium,Cd,Metals and alloys,L,594.26,6000,29.89983,0,0,0,0,1,112.411,Cd(L),coda89,"Liquid. Ref-Elm. Cox,1989 p223."
Cobalt,Co,Metals and alloys,a,200,500,12.610786,76.341731,-160.39556,141.030375,1.649,0.99745,58.9332,Co(a),j,"Alpha. Ref-Elm. Chase,1998 pp943-6."
Cobalt,Co,Metals and alloys,a,500,700.1,21.500473,9.828195,11.44807,-8.576067,0.016,1,58.9332,Co(a),j,"Alpha. Ref-Elm. Chase,1998 pp943-6."
Cobalt,Co,Metals and alloys,b,700.1,800,17.66918,18.44543,0,0,0,1,58.9332,Co(b),j,"Beta.Ref-Elm.Below Lambda trans. Chase,1998 pp943-6."
Cobalt,Co,Metals and alloys,b,800,1394,-44.435867,220.482659,-221.028725,81.90378,0.574,0.99953,58.9332,Co(b),j,"Beta.Ref-Elm.Below Lambda trans. Chase,1998 pp943-6."
Cobalt,Co,Metals and alloys,b,1394,1400,2553.265286,-1792.172093,0.000231,-5.5e-05,0,1,58.9332,Co(b),j,"Beta. Ref-Elm.Above Lambda trans. Chase,1998 pp943-6."
Cobalt,Co,Metals and alloys,b,1400,1768,1086.416319,-1847.40704,1085.465107,-212.687032,0.633,0.99694,58.9332,Co(b),j,"Beta. Ref-Elm.Above Lambda trans. Chase,1998 pp943-6."
Cobalt,Co,Metals and alloys,L,1768,6000,40.500769,0,0,0,0,1,58.9332,Co(L),j,"Liquid. Ref-Elm. Chase,1998 pp943-6."
Chromium,Cr,Metals and alloys,cr,200,311.5,-16.771445,335.93616,-951.056036,928.238848,0.303,0.99974,51.9961,Cr(cr),j,"Below lambda trans. Ref-Elm. Chase,1998 pp959-62."
Chromium,Cr,Metals and alloys,cr,311.5,1000,13.171886,48.781622,-57.324384,27.23417,0.222,0.99994,51.9961,Cr(cr),j,"Above lambda trans. Ref-Elm. Chase,1998 pp959-62."
Chromium,Cr,Metals and alloys,cr,1000,2130,25.73352,-6.095471,14.697146,-2.514001,0.126,0.99999,51.9961,Cr(cr),j,"Above lambda trans. Ref-Elm. Chase,1998 pp959-62."
Chromium,Cr,Metals and alloys,L,2130,6000,39.329776,0,0,0,0,1,51.9961,Cr(L),j,"Liquid. Ref-Elm. Chase,1998 pp959-62."
CrN,CrN,Ceramics,cr,200,298.15,-10.925728,213.32359,0,0,0,1,66.0028,CrN(cr),j12/73,"Chase,1998 p966."
CrN,CrN,Ceramics,cr,298.15,400,654.897823,-4470.657943,10647.038872,-8142.001507,0.087,0.99993,66.0028,CrN(cr),j12/73,"Chase,1998 p966."
CrN,CrN,Ceramics,cr,400,2500,46.887806,5.893589,0.382694,-0.05913,0.39,0.99994,66.0028,CrN(cr),j12/73,"Chase,1998 p966."
Cr2N,Cr2N,Ceramics,cr,298.15,700,3.040411,358.011348,-599.883345,358.720657,0.598,0.9986,117.9989,Cr2N(cr),j12/73,JPCRD 1998 Mono.9 p971.
Cr2N,Cr2N,Ceramics,cr,700,1500,62.560593,28.628479,-1.005809,0.302944,0.053,1,117.9989,Cr2N(cr),j12/73,JPCRD 1998 Mono.9 p971.
Cr2N,Cr2N,Ceramics,cr,1500,2500,52.940647,42.022595,-6.219588,0.674907,0.108,0.9999,117.9989,Cr2N(cr),j12/73,JPCRD 1998 Mono.9 p971.
Cr2O3,Cr2O3,Refractories,I',200,306,-1051.220413,13482.824854,-53863.840123,73178.925261,0.932,0.99967,151.9904,Cr2O3(I'),tpis82,"Hexagonal. Gurvich,1982 pt1 p18 pt2 p22."
Cr2O3,Cr2O3,Refractories,I,306,310,55756.08416,-357834.559798,575296.718402,0.0034,0,1,151.9904,Cr2O3(I),tpis82,"Hexagonal. Gurvich,1982 pt1 p18 pt2 p22."
Cr2O3,Cr2O3,Refractories,I,310,335,2031.697422,-11635.637695,17572.699854,0,0,1,151.9904,Cr2O3(I),tpis82,"Hexagonal. Gurvich,1982 pt1 p18 pt2 p22."
Cr2O3,Cr2O3,Refractories,I,335,1520,74.461048,139.925226,-126.229437,39.605696,2.65,0.9885,151.9904,Cr2O3(I),tpis82,"Hexagonal. Gurvich,1982 pt1 p18 pt2 p22."
Cr2O3,Cr2O3,Refractories,I,1520,2705,127.46163,-5.828676,5.988941,0.310357,0.004,1,151.9904,Cr2O3(I),tpis82,"Hexagonal. Gurvich,1982 pt1 p18 pt2 p22."
Cr2O3,Cr2O3,Refractories,L,2705,6000,169.999031,0,0,0,0,1,151.9904,Cr2O3(L),tpis82,"Liquid. Gurvich,1982 pt1 p18 pt2 p22."
Cesium,Cs,Metals and alloys,cr,100,301.59,16.119556,160.307536,-824.022838,1566.074617,1.338,0.99838,132.9055,Cs(cr),coda89,"Crystal. Ref-Elm. Cox,1989 p263."
Cesium,Cs,Metals and alloys,L,301.59,1000,34.133409,2.34875,-28.432123,22.002495,0.688,0.99755,132.9055,Cs(L),coda89,"Liquid. Ref-Elm. Cox,1989 p263."
Cesium,Cs,Metals and alloys,L,1000,2000,44.882486,-38.304265,23.138435,0.234564,0.011,1,132.9055,Cs(L),coda89,"Liquid. Ref-Elm. Cox,1989 p263."
CsBO2,CsBO2,Ceramics,cr,200,500,-47.778787,847.664172,-1814.271761,1379.19843,2.687,0.99865,175.7152,CsBO2(cr),tpis82,"Cubic. Gurvich,1982 pt1 p504 pt2 p525."
CsBO2,CsBO2,Ceramics,cr,500,1005,61.743177,92.101247,-63.675065,22.692789,0.045,0.99999,175.7152,CsBO2(cr),tpis82,"Cubic. Gurvich,1982 pt1 p504 pt2 p525."
CsBO2,CsBO2,Ceramics,L,1005,6000,144.999174,0,0,0,0,1,175.7152,CsBO2(L),tpis82,"Liquid. Gurvich,1982 pt1 p504 pt2 p525."
CsBr,CsBr,Other technologically relevant materials,cr,200,500,42.86857,60.94505,-122.076975,102.939048,0.082,0.9997,212.8094,CsBr(cr),tpis82,"Cubic. Gurvich,1982 pt1 p488 pt2 p511."
CsBr,CsBr,Other technologically relevant materials,cr,500,910,48.907781,13.488819,0,0,0,1,212.8094,CsBr(cr),tpis82,"Cubic. Gurvich,1982 pt1 p488 pt2 p511."
CsBr,CsBr,Other technologically relevant materials,L,910,6000,74.999573,0,0,0,0,1,212.8094,CsBr(L),tpis82,"Liquid. Gurvich,1982 pt1 p488 pt2 p511."
CsCL,CsCL,Other technologically relevant materials,a,200,500,46.026319,13.037381,54.334333,-85.291687,0.167,0.99897,168.3585,CsCL(a),tpis82,"Cubic. Gurvich,1982 pt1 p485 pt2 p508."
CsCL,CsCL,Other technologically relevant materials,a,500,743,46.244066,32.39943,-35.111663,15.09368,0.003,1,168.3585,CsCL(a),tpis82,"Cubic. Gurvich,1982 pt1 p485 pt2 p508."
CsCL,CsCL,Other technologically relevant materials,b,743,919,65.199628,0,0,0,0,1,168.3585,CsCL(b),tpis82,"Cubic. Gurvich,1982 pt1 p485 pt2 p508."
CsCL,CsCL,Other technologically relevant materials,L,919,6000,73.499581,0,0,0,0,1,168.3585,CsCL(L),tpis82,"Liquid. Gurvich,1982 pt1 p485 pt2 p508."
CsF,CsF,Other technologically relevant materials,cr,200,500,48.448607,-15.661402,108.731738,-86.077789,0.818,0.99905,151.9039,CsF(cr),tpis82,"Cubic. Gurvich,1982 pt1 p481 pt2 p505."
CsF,CsF,Other technologically relevant materials,cr,500,976,42.3057,29.461983,0,0,0,1,151.9039,CsF(cr),tpis82,"Cubic. Gurvich,1982 pt1 p481 pt2 p505."
CsF,CsF,Other technologically relevant materials,L,976,6000,71.99959,0,0,0,0,1,151.9039,CsF(L),tpis82,"Liquid. Gurvich,1982 pt1 p481 pt2 p505."
CsH,CsH,Other technologically relevant materials,cr,298.15,801,16.348714,107.619204,-101.343651,49.709816,0.356,0.99996,133.9134,CsH(cr),tpis82,"Cubic. Gurvich,1982 pt1 p476 pt2 p500."
CsH,CsH,Other technologically relevant materials,L,801,6000,55.999681,0,0,0,0,1,133.9134,CsH(L),tpis82,"Liquid. Gurvich,1982 pt1 p476 pt2 p500."
CsI,CsI,Other technologically relevant materials,cr,200,500,39.618458,101.802248,-275.040798,260.693952,0.287,0.99632,259.8099,CsI(cr),tpis82,"Cubic. Gurvich,1982 pt1 p492 pt2 p514."
CsI,CsI,Other technologically relevant materials,cr,500,905,57.943536,-30.739225,44.923564,3.807839,0.006,1,259.8099,CsI(cr),tpis82,"Cubic. Gurvich,1982 pt1 p492 pt2 p514."
CsI,CsI,Other technologically relevant materials,L,905,6000,70.999595,0,0,0,0,1,259.8099,CsI(L),tpis82,"Liquid. Gurvich,1982 pt1 p492 pt2 p514."
CsNO2,CsNO2,Other technologically relevant materials,I,298.15,679,95.724455,-29.411832,49.316719,0,0,1,178.911,CsNO2(I),tpis82,"Cubic. Gurvich,1982 pt1 p498 pt2 p519."
CsNO2,CsNO2,Other technologically relevant materials,L,679,6000,105.999396,0,0,0,0,1,178.911,CsNO2(L),tpis82,"Liquid. Gurvich,1982 pt1 p498 pt2 p519."
CsNO3,CsNO3,Other technologically relevant materials,a,200,427,80.571472,-100.087236,691.48943,-600.629828,0.87,0.99976,194.9103,CsNO3(a),tpis82,"Hexagonal. Gurvich,1982 pt1 p500 pt2 p521."
CsNO3,CsNO3,Other technologically relevant materials,b,427,682,-65.488513,877.897902,-1252.094553,603.723381,0.071,0.99995,194.9103,CsNO3(b),tpis82,"Cubic. Gurvich,1982 pt1 p500 pt2 p521."
CsNO3,CsNO3,Other technologically relevant materials,L,682,6000,149.999145,0,0,0,0,1,194.9103,CsNO3(L),tpis82,"Cubic. Gurvich,1982 pt1 p500 pt2 p521."
CsOH,CsOH,Other technologically relevant materials,b,100,149.54,-599.743071,14822.812714,-112258.137961,281771.762554,1.106,0.99344,149.9128,CsOH(b),g,"Beta. Gurvich,1997."
CsOH,CsOH,Other technologically relevant materials,b,149.54,199.07,223.804927,-2854.801004,14578.957375,-22263.120564,0.041,1,149.9128,CsOH(b),g,"Beta. Gurvich,1997."
CsOH,CsOH,Other technologically relevant materials,b,199.07,298.15,180.553963,-2417.724389,13414.91318,-21972.050101,0.108,0.99998,149.9128,CsOH(b),g,"Beta. Gurvich,1997."
CsOH,CsOH,Other technologically relevant materials,b,298.15,498.2,122.083852,-470.277379,1320.423263,-1109.565922,0.128,0.99989,149.9128,CsOH(b),g,"Beta. Gurvich,1997."
CsOH,CsOH,Other technologically relevant materials,c,498.2,615.5,72.699586,0,0,0,0,1,149.9128,CsOH(c),g,"Gamma. Gurvich,1997."
CsOH,CsOH,Other technologically relevant materials,L,615.5,6000,84.999516,0,0,0,0,1,149.9128,CsOH(L),g,"Liquid. Gurvich,1997."
CsO2,CsO2,Other technologically relevant materials,a,298.15,403,53.407696,85.836511,0,0,0,1,164.9042,CsO2(a),tpis82,"Tetragonal. Gurvich,1982 pt1 p472 pt2 p494."
CsO2,CsO2,Other technologically relevant materials,c,403,723,87.999499,0,0,0,0,1,164.9042,CsO2(c),tpis82,"Cubic. Gurvich,1982 pt1 p472 pt2 p494."
CsO2,CsO2,Other technologically relevant materials,L,723,6000,99.99943,0,0,0,0,1,164.9042,CsO2(L),tpis82,"Liquid. Gurvich,1982 pt1 p472 pt2 p494."
Cs2CO3,Cs2CO3,Other technologically relevant materials,cr,200,500,53.377331,266.220129,-42.322729,-198.257283,0.927,0.99952,325.8198,Cs2CO3(cr),tpis82,"Gurvich,1982 pt1 p502 pt2 p523."
Cs2CO3,Cs2CO3,Other technologically relevant materials,cr,500,1066,88.089667,165.164145,-91.718452,31.44335,0.061,1,325.8198,Cs2CO3(cr),tpis82,"Gurvich,1982 pt1 p502 pt2 p523."
Cs2CO3,Cs2CO3,Other technologically relevant materials,L,1066,6000,204.998832,0,0,0,0,1,325.8198,Cs2CO3(L),tpis82,"Liquid. Gurvich,1982 pt1 502 pt2 p523."
Cs2O,Cs2O,Other technologically relevant materials,cr,200,500,60.093804,82.652799,-132.604314,116.452426,0.35,0.99967,281.8103,Cs2O(cr),tpis82,"Hexagonal. Gurvich,1982 pt1 p472 pt2 p495."
Cs2O,Cs2O,Other technologically relevant materials,cr,500,768,66.023607,33.460808,0,0,0,1,281.8103,Cs2O(cr),tpis82,"Hexagonal. Gurvich,1982 pt1 p472 pt2 p495."
Cs2O,Cs2O,Other technologically relevant materials,L,768,6000,99.99943,0,0,0,0,1,281.8103,Cs2O(L),tpis82,"Liquid. Gurvich,1982 pt1 p472 pt2 p495."
Cs2O2,Cs2O2,Other technologically relevant materials,cr,298.15,867,83.468524,38.67478,0,0,0,1,297.8097,Cs2O2(cr),tpis82,"Rhombic Gurvich,1982 pt1 p475 pt2 p498."
Cs2O2,Cs2O2,Other technologically relevant materials,L,867,6000,133.999236,0,0,0,0,1,297.8097,Cs2O2(L),tpis82,"Liquid. Gurvich,1982 pt1 p475 pt2 p498."
Cs2SO4,Cs2SO4,Other technologically relevant materials,a,200,500,60.568938,320.606587,-250.093848,39.797697,0.337,0.99966,361.8735,Cs2SO4(a),tpis82,"Rhombohedral. Gurvich,1982 pt1 p496 pt2 p517."
Cs2SO4,Cs2SO4,Other technologically relevant materials,a,500,920,95.100159,218.211035,-292.23184,260.84462,0.032,1,361.8735,Cs2SO4(a),tpis82,"Rhombohedral. Gurvich,1982 pt1 p496 pt2 p517."
Cs2SO4,Cs2SO4,Other technologically relevant materials,b,920,1000,-194.998889,442.705477,0,0,0,1,361.8735,Cs2SO4(b),tpis82,"Gurvich,1982 pt1 p496 pt2 p517."
Cs2SO4,Cs2SO4,Other technologically relevant materials,c,1000,1288,84.941516,117.413331,0,0,0,1,361.8735,Cs2SO4(c),tpis82,"Hexagonal. Gurvich,1982 pt1 p496 pt2 p517."
Cs2SO4,Cs2SO4,Other technologically relevant materials,L,1288,6000,206.99882,0,0,0,0,1,361.8735,Cs2SO4(L),tpis82,"Liquid. Gurvich,1982 pt1 p496 pt2 p517."
Copper,Cu,Metals and alloys,cr,200,1358,19.553545,22.089271,-24.091378,11.113495,2.077,0.99865,63.546,Cu(cr),coda89,"Cubic. Ref-Elm.Cox,1989 p226."
Copper,Cu,Metals and alloys,L,1358,6000,32.799813,0,0,0,0,1,63.546,Cu(L),coda89,"Liquid. Ref-Elm.Cox,1989 p226."
CuBr,CuBr,Other technologically relevant materials,a,298.15,477.57,9.910649,308.414495,-708.162798,586.956876,0.499,0.9983,143.45,CuBr(a),g10/00,"Alpha. Pankratz,1984 p177."
CuBr,CuBr,Other technologically relevant materials,a,477.57,657,-3662.373932,21488.003286,-41398.874225,26631.310004,2.032,0.99949,143.45,CuBr(a),g10/00,"Alpha. Pankratz,1984 p177."
CuBr,CuBr,Other technologically relevant materials,b,657,741,75.645718,-8.945359,10.669559,-4.071125,0,1,143.45,CuBr(b),g10/00,"Beta. Pankratz,1984 p177."
CuBr,CuBr,Other technologically relevant materials,c,741,759,58.172553,-0.020627,0,0,0,1,143.45,CuBr(c),g10/00,"Gamma. Pankratz,1984 p177."
CuBr,CuBr,Other technologically relevant materials,L,759,1500,101.412349,-71.42956,28.383588,-0.513203,0.025,1,143.45,CuBr(L),g10/00,"Liquid. Pankratz,1984 p177."
CuBr2,CuBr2,Other technologically relevant materials,cr,298.15,800,68.040433,37.917895,-46.655518,22.905147,0.087,0.99978,223.354,CuBr2(cr),g10/00,"Crystal. Pankratz,1984 p181."
CuCL,CuCL,Other technologically relevant materials,a,298.15,491.57,151.37683,-783.729222,2010.826976,-1633.310124,1.208,0.99295,98.999,CuCL(a),g10/00,"Alpha. Pankratz,1984 p182."
CuCL,CuCL,Other technologically relevant materials,a,491.57,685,-1670.712397,9908.945678,-18955.339551,12103.731767,0.603,0.99993,98.999,CuCL(a),g10/00,"Alpha. Pankratz,1984 p182."
CuCL,CuCL,Other technologically relevant materials,b,685,696,79.599254,-0.151397,0,0,0,1,98.999,CuCL(b),g10/00,"Beta. Pankratz,1984 p182."
CuCL,CuCL,Other technologically relevant materials,L,696,1700,107.838259,-112.958528,79.207338,-17.865363,0.772,0.99452,98.999,CuCL(L),g10/00,"Liquid. Pankratz,1984 p182."
CuCL2,CuCL2,Other technologically relevant materials,cr,298.15,675,39.279265,178.095992,-274.360065,151.600839,0.188,0.99973,134.452,CuCL2(cr),g10/00,"Crystal. Pankratz,1984 p185."
CuCL2,CuCL2,Other technologically relevant materials,L,675,6000,82.42433,0,0,0,0,1,134.452,CuCL2(L),g10/00,"Liquid. Pankratz,1984 p185."
CuF,CuF,Other technologically relevant materials,cr,298.15,1300,37.952096,60.117384,-48.448775,13.716937,0.151,0.99988,82.5444,CuF(cr),g10/00,"Crystal. Pankratz,1984 p186."
CuF2,CuF2,Other technologically relevant materials,cr,298.15,1109,35.874313,134.873064,-122.815607,44.140069,0.269,0.99996,101.5428,CuF2(cr),g10/00,"Crystal. Pankratz,1984 p188."
CuF2,CuF2,Other technologically relevant materials,L,1109,6000,100.415428,0,0,0,0,1,101.5428,CuF2(L),g10/00,"Liquid. Pankratz,1984 p188."
CuI,CuI,Other technologically relevant materials,a,200,310.5,297.778217,-3257.278112,13849.74575,-18996.299672,3.012,0.96453,190.4505,CuI(a),g11/00,"King,1973. Pankratz,1984 p190."
CuI,CuI,Other technologically relevant materials,a,310.5,421,303.098871,-1939.153615,4868.47887,-3890.556798,0.193,0.99964,190.4505,CuI(a),g11/00,"King,1973. Pankratz,1984 p190."
CuI,CuI,Other technologically relevant materials,a,421,531.5,-614.144568,3978.113183,-7750.42237,4987.250648,0.259,0.99152,190.4505,CuI(a),g11/00,"King,1973. Pankratz,1984 p190."
CuI,CuI,Other technologically relevant materials,a,531.5,642,-7777.804369,43933.507831,-82170.629589,51278.658235,0.414,0.99998,190.4505,CuI(a),g11/00,"King,1973. Pankratz,1984 p190."
CuI,CuI,Other technologically relevant materials,b,642,680,138.489611,0,0,0,0,1,190.4505,CuI(b),g11/00,"Beta. Pankratz,1984 p190."
CuI,CuI,Other technologically relevant materials,c,680,868,68.617209,0,0,0,0,1,190.4505,CuI(c),g11/00,"Gamma. Pankratz,1984 p190."
CuI,CuI,Other technologically relevant materials,L,868,1600,95.461039,-40.157011,6.335462,1.952388,0.176,0.99995,190.4505,CuI(L),g11/00,"Liquid. Pankratz,1984 p190."
CuO,CuO,Ceramics,cr,200,500,7.474078,199.816652,-345.721844,228.458012,1.851,0.99835,79.5454,CuO(cr),g11/00,"Crystal. King,1973 p56."
CuO,CuO,Ceramics,cr,500,1400,10.160695,138.501304,-150.078575,55.830116,0.753,0.99885,79.5454,CuO(cr),g11/00,"Crystal. King,1973 p56."
Cu(OH)2,Cu(OH)2,Other technologically relevant materials,cr,298.15,2000,73.104197,61.324477,-33.036585,6.286033,0.859,0.99965,97.5607,Cu(OH)2(cr),g10/00,"Crystal. King,1973 p62."
CuS,CuS,Other technologically relevant materials,cr,298.15,717.82,35.907997,49.927665,-43.784445,21.831045,0.213,0.99995,95.611,CuS(cr),g10/00,"Crystal. Pankratz,1987 p99."
CuSO4,CuSO4,Other technologically relevant materials,cr,200,500,13.111023,396.586423,-402.590651,127.044294,0.359,0.99992,159.6086,CuSO4(cr),g10/00,"Crystal. King,1973 p68."
CuSO4,CuSO4,Other technologically relevant materials,cr,500,1500,106.000599,13.866659,83.736904,-45.302886,1.161,0.99834,159.6086,CuSO4(cr),g10/00,"Crystal. King,1973 p68."
Cu2O,Cu2O,Ceramics,cr,200,600,17.782577,257.29759,-448.734739,294.450259,0.563,0.99932,143.0914,Cu2O(cr),g10/00,"Crystal. King,1973 p60."
Cu2O,Cu2O,Ceramics,cr,600,1516.7,30.764735,138.855656,-146.94419,57.708238,0.215,0.99995,143.0914,Cu2O(cr),g10/00,"Crystal. King,1973 p60."
Cu2O,Cu2O,Ceramics,L,1516.7,6000,99.758543,0,0,0,0,1,143.0914,Cu2O(L),g10/00,"Liquid. King,1973 p60."
Cu2S,Cu2S,Other technologically relevant materials,a,298.15,376,110.938311,-388.634991,1205.10193,-954.000913,0.002,1,159.157,Cu2S(a),g10/00,"Alpha. Pankratz,1987 p101."
Cu2S,Cu2S,Other technologically relevant materials,b,376,720,120.103391,-62.526271,26.207757,-1.257293,0.041,0.99999,159.157,Cu2S(b),g10/00,"Beta. Pankratz,1987 p101."
Cu2S,Cu2S,Other technologically relevant materials,c,720,1400,85.585254,-4.246357,1.084672,-0.317641,0.022,0.99977,159.157,Cu2S(c),g10/00,"Gamma. Pankratz,1987 p101."
Cu2S,Cu2S,Other technologically relevant materials,L,1400,6000,89.662609,0,0,0,0,1,159.157,Cu2S(L),g10/00,"Liquid. Pankratz,1987 p101."
Iron,Fe,Metals and alloys,a,200,500,5.773509,123.966325,-266.892312,230.031498,0.666,0.99963,55.845,Fe(a),j,"Alpha. Ref-Elm.Below Lambda trans. Chase,1998 p1221."
Iron,Fe,Metals and alloys,a,500,800,-0.160929,118.892322,-167.492649,97.985091,0.14,0.99997,55.845,Fe(a),j,"Alpha. Ref-Elm.Below Lambda trans. Chase,1998 p1221."
Iron,Fe,Metals and alloys,a,800,921,3570.061551,-12764.795295,15296.925573,-6075.483022,0.89,0.99598,55.845,Fe(a),j,"Alpha. Ref-Elm.Below Lambda trans. Chase,1998 p1221."
Iron,Fe,Metals and alloys,a,921,1042,-19445.165842,63120.248961,-68164.355754,24543.659714,0.205,0.99999,55.845,Fe(a),j,"Alpha. Ref-Elm.Below Lambda trans. Chase,1998 p1221."
Iron,Fe,Metals and alloys,a,1042,1184,12083.360238,-27393.076047,20308.123293,-4866.642512,0.068,1,55.845,Fe(a),j,"Alpha. Ref-Elm.Above Lambda trans. Chase,1998 pp1221-5."
Iron,Fe,Metals and alloys,c,1184,1665,35.353868,-16.726536,17.857564,-4.143038,0.517,0.99886,55.845,Fe(c),j,"Gamma. Ref-Elm. Chase,1998 pp1221-5."
Iron,Fe,Metals and alloys,d,1665,1809,-3658.177342,6449.360711,-3750.866967,727.801633,0.007,0.99999,55.845,Fe(d),j,"Delta. Ref-Elm. Chase,1998 pp1221-5."
Iron,Fe,Metals and alloys,L,1809,6000,46.023738,0,0,0,0,1,55.845,Fe(L),j,"Liquid. Ref-Elm. Chase,1998 pp1221-5."
Fe(CO)5,Fe(CO)5,Other technologically relevant materials,L,253.1,6000,233.783668,0,0,0,0,1,195.8955,Fe(CO)5(L),j,"Liquid. Chase,1998 p697."
FeCL2,FeCL2,Other technologically relevant materials,cr,200,950,56.889243,95.753671,-119.325229,55.022542,1.384,0.99677,126.751,FeCL2(cr),j12/70,"Crystal. Chase,1998 pp819-21."
FeCL2,FeCL2,Other technologically relevant materials,L,950,6000,102.172418,0,0,0,0,1,126.751,FeCL2(L),j12/70,"Liquid. Chase,1998 pp819-21."
FeCL3,FeCL3,Other technologically relevant materials,cr,200,298.15,5.127251,768.546063,-2333.001351,2642.235506,0.034,0.99999,162.204,FeCL3(cr),g12/00,"Pankratz,1984 p228. Stuve,1980."
FeCL3,FeCL3,Other technologically relevant materials,cr,298.15,577,70.177886,98.30176,-34.974522,22.391338,0.029,1,162.204,FeCL3(cr),g12/00,"Pankratz,1984 p228. Stuve,1980."
FeCL3,FeCL3,Other technologically relevant materials,L,577,6000,133.887237,0,0,0,0,1,162.204,FeCL3(L),g12/00,"Pankratz,1984 p228. Stuve,1980."
Fe.947O,Fe.947O,Ceramics,cr,298.15,1652,43.019419,24.904537,-17.514283,6.030187,2.203,0.98891,69.0521,Fe.947O(cr),g11/00,"Wustite. Pankratz,1983 p155."
Fe.947O,Fe.947O,Ceramics,L,1652,6000,67.738574,0,0,0,0,1,69.0521,Fe.947O(L),g11/00,"Wustite Liquid. Pankratz,1983 p155."
FeOCL,FeOCL,Other technologically relevant materials,cr,200,298.15,5.394126,377.660145,-459.368866,-273.293577,0.83,0.99683,107.2974,FeOCL(cr),g12/00,"Stuve,1980."
FeOCL,FeOCL,Other technologically relevant materials,cr,298.15,700,39.511982,164.605192,-249.934971,161.724929,0.223,0.99992,107.2974,FeOCL(cr),g12/00,"Stuve,1980."
Fe(OH)2,Fe(OH)2,Other technologically relevant materials,cr,298.15,800,83.752415,39.214318,26.557838,-25.579624,0.062,0.99998,89.8597,Fe(OH)2(cr),j,"Crystal. Chase,1998 p1229."
Fe(OH)2,Fe(OH)2,Other technologically relevant materials,cr,800,1500,45.844444,169.325819,-120.419486,28.629569,0.047,0.99995,89.8597,Fe(OH)2(cr),j,"Crystal. Chase,1998 p1229."
Fe(OH)3,Fe(OH)3,Other technologically relevant materials,cr,298.15,1500,44.558686,237.604797,-151.977853,34.745507,1.122,0.9998,106.867,Fe(OH)3(cr),j,"Crystal. Chase,1998 p1231."
FeS,FeS,Other technologically relevant materials,a,200,411,-137.90826,1971.428973,-7130.458766,8841.603986,2.697,0.99936,87.91,FeS(a),g11/00,"Alpha. Pankratz,1987. Chase,1998 pp1241-3 9/77."
FeS,FeS,Other technologically relevant materials,b,411,598,72.591986,0,0,0,0,1,87.91,FeS(b),g11/00,"Beta. Pankratz,1987. Chase,1998 pp1241-3 9/77."
FeS,FeS,Other technologically relevant materials,c,598,1465,85.579014,-62.14737,35.939938,0.000316,0.009,1,87.91,FeS(c),g11/00,"Gamma. Pankratz,1987. Chase,1998 pp1241-3 9/77."
FeS,FeS,Other technologically relevant materials,L,1465,6000,62.759642,0,0,0,0,1,87.91,FeS(L),g11/00,"Liquid. Pankratz,1987. Chase,1998 pp1241-3 9/77."
FeSO4,FeSO4,Other technologically relevant materials,cr,200,700,19.918855,369.623531,-378.889949,151.093215,1.33,0.99988,151.9076,FeSO4(cr),j,"Chase,1998 p1240."
FeSO4,FeSO4,Other technologically relevant materials,cr,700,2000,99.19092,95.83575,-49.687104,10.017554,0.502,0.99947,151.9076,FeSO4(cr),j,"Chase,1998 p1240."
FeS2,FeS2,Other technologically relevant materials,cr,200,600,-6.117614,404.919191,-728.128378,461.443592,0.769,0.99987,119.975,FeS2(cr),j,"Pyrite. Chase,1998 p1246."
FeS2,FeS2,Other technologically relevant materials,cr,600,1400,62.394412,19.252681,1.155855,-0.356213,0.03,1,119.975,FeS2(cr),j,"Pyrite. Chase,1998 p1246."
Fe2O3,Fe2O3,Ceramics,cr,298.15,600,-15.109885,653.064186,-1029.462726,619.908037,0.728,0.99955,159.6882,Fe2O3(cr),g,"Hematite below Curie pt. Pankratz,1983 p158."
Fe2O3,Fe2O3,Ceramics,cr,600,960,-776.197317,3693.401043,-5001.48231,2301.508556,2.281,0.99625,159.6882,Fe2O3(cr),g,"Hematite below Curie pt. Pankratz,1983 p158."
Fe2O3,Fe2O3,Ceramics,cr,960,1800,141.837682,1.991792,-1.695655,0.409443,0.03,0.98481,159.6882,Fe2O3(cr),g,"Hematite above Curie pt. Pankratz,1983 p158."
Fe2O3,Fe2O3,Ceramics,cr,1800,6000,142.297029,0,0,0,0,1,159.6882,Fe2O3(cr),g,"Hematite above Curie pt. Pankratz,1983 p158."
Fe2(SO4)3,Fe2(SO4)3,Other technologically relevant materials,cr,298.15,700,76.90326,814.695669,-670.105543,179.727221,0.106,0.99999,399.8778,Fe2(SO4)3(cr),j,"Chase,1998 p1249."
Fe2(SO4)3,Fe2(SO4)3,Other technologically relevant materials,cr,700,2000,261.026329,252.291031,-130.813879,26.378377,0.494,0.99947,399.8778,Fe2(SO4)3(cr),j,"Chase,1998 p1249."
Fe3O4,Fe3O4,Ceramics,cr,200,298.15,-20.221109,979.090408,-1707.271168,1166.928734,0.044,1,231.5326,Fe3O4(cr),g,"Magnetite. Pankratz,1983 p160. Westrum,1969."
Fe3O4,Fe3O4,Ceramics,cr,298.15,800,-54.102091,1158.671616,-1967.88063,1274.105998,0.396,0.99987,231.5326,Fe3O4(cr),g,"Magnetite. Pankratz,1983 p160. Westrum,1969."
Fe3O4,Fe3O4,Ceramics,cr,800,850,-889.744071,1445.416701,0,0,0,1,231.5326,Fe3O4(cr),g,"Magnetite. Pankratz,1983 p160. Westrum,1969."
Fe3O4,Fe3O4,Ceramics,cr,850,1870,606.515202,-797.768256,498.785708,-99.455332,0.951,0.99532,231.5326,Fe3O4(cr),g,"Magnetite above Curie Pt. Pankratz,1983 p160."
Fe3O4,Fe3O4,Ceramics,L,1870,6000,200.830856,0,0,0,0,1,231.5326,Fe3O4(L),g,"Liquid. Chase,1998 p1250 6/65."
Gallium,Ga,Metals and alloys,cr,100,302.92,4.944181,199.943816,-697.707719,890.80259,0.711,0.99964,69.723,Ga(cr),tpis96,"Rhombic. Ref-Elm. Gurvich,1996a pt1 p209 pt2 p169."
Gallium,Ga,Metals and alloys,L,302.92,3151.46,29.047717,-5.051159,2.661491,-0.390123,2.898,0.89935,69.723,Ga(L),tpis96,"Liquid. Ref-Elm. Gurvich,1996a pt1 p209 pt2 p169."
Gallium,Ga,Metals and alloys,L,3151.46,6000,26.195638,-0.358349,0.250582,-0.000561,0.001,1,69.723,Ga(L),tpis96,"Liquid. Ref-Elm. Gurvich,1996a pt1 p209 pt2 p169."
GaBr3,GaBr3,Other technologically relevant materials,cr,298.15,397,29.627831,232.674674,0,0,0,1,309.435,GaBr3(cr),tpis96,"Gurvich,1996a pt1 p242 pt2 p195."
GaBr3,GaBr3,Other technologically relevant materials,L,397,6000,128.399268,0,0,0,0,1,309.435,GaBr3(L),tpis96,"Liquid. Gurvich,1996a pt1 p242 pt2 p195."
GaCL3,GaCL3,Other technologically relevant materials,cr,298.15,351,22.660871,245.978598,0,0,0,1,176.082,GaCL3(cr),tpis96,"Triclinic. Gurvich,1996a pt1 p234 pt2 p188."
GaCL3,GaCL3,Other technologically relevant materials,L,351,6000,108.999379,0,0,0,0,1,176.082,GaCL3(L),tpis96,"Liquid. Gurvich,1996a pt1 p234 pt2 p188."
GaF3,GaF3,Other technologically relevant materials,cr,298.15,2000,77.836556,37.441787,0,0,0,1,126.7182,GaF3(cr),tpis96,"Hexagonal. Gurvich,1996a pt1 p226 pt2 p181."
Ga2O3,Ga2O3,Ceramics,cr,200,500,-2.02876,500.363438,-721.069692,355.552494,2.677,0.999,187.4442,Ga2O3(cr),tpis96,"Monoclinic. Gurvich,1996a pt1 p219 pt2 p176."
Ga2O3,Ga2O3,Ceramics,cr,500,2080,90.033637,58.818987,-27.619935,5.82815,0.794,0.9994,187.4442,Ga2O3(cr),tpis96,"Monoclinic. Gurvich,1996a pt1 p219 pt2 p176."
Ga2O3,Ga2O3,Ceramics,L,2080,6000,159.999088,0,0,0,0,1,187.4442,Ga2O3(L),tpis96,"Liquid. Gurvich,1996a pt1 p219 pt2 p176."
Germanium,Ge,Semiconductors,cr,200,400,6.95219,124.608269,-327.852569,313.154999,0.64,0.99805,72.64,Ge(cr),tpis91,"Cubic. Ref-Elm. Gurvich,1991 pt1 p308 pt2 p268."
Germanium,Ge,Semiconductors,cr,400,1211.4,20.73012,12.181899,-9.020091,3.025435,0.178,0.99984,72.64,Ge(cr),tpis91,"Cubic. Ref-Elm. Gurvich,1991 pt1 p308 pt2 p268."
Germanium,Ge,Semiconductors,L,1211.4,6000,27.599843,0,0,0,0,1,72.64,Ge(L),tpis91,"Liquid. Ref-Elm. Gurvich,1991 pt1 p308 pt2 p268."
GeO2,GeO2,Ceramics,II,100,298.15,-27.867033,568.525372,-1723.767089,2339.199905,3.509,0.99984,104.6388,GeO2(II),tpis91,"Tetragonal Rutile, Gurvich,1991 pt1 p319 pt2 p275."
GeO2,GeO2,Ceramics,II,298.15,803.08,-20.728805,378.336309,-543.065351,270.408489,1.591,0.99855,104.6388,GeO2(II),tpis91,"Tetragonal Rutile, Gurvich,1991 pt1 p319 pt2 p275."
GeO2,GeO2,Ceramics,II,803.08,1308,56.163312,32.50629,-21.372176,7.753089,0.013,1,104.6388,GeO2(II),tpis91,"Tetragonal Rutile, Gurvich,1991 pt1 p319 pt2 p275."
GeO2,GeO2,Ceramics,I,1308,1388,55.175824,24.666027,-5.807438,1.148899,0,1,104.6388,GeO2(I),tpis91,"Hexagonal alpha-quartz,Gurvich,1991 pt1 p319 pt2 p275."
GeO2,GeO2,Ceramics,L,1388,6000,78.499553,0,0,0,0,1,104.6388,GeO2(L),tpis91,"Tetragonal liquid,Gurvich,1991 pt1 p319 pt2 p275."
GeS,GeS,Other technologically relevant materials,cr,100,298.15,-9.468076,587.078149,-2219.650526,3012.127527,2.089,0.99883,104.705,GeS(cr),tpis91,"Crystal(II). Gurvich,1991 pt1 p342 pt2 p296."
GeS,GeS,Other technologically relevant materials,cr,298.15,931,41.699762,20.399884,0,0,0,1,104.705,GeS(cr),tpis91,"Crystal(II). Gurvich,1991 pt1 p342 pt2 p296."
GeS,GeS,Other technologically relevant materials,L,931,6000,66.999618,0,0,0,0,1,104.705,GeS(L),tpis91,"Liquid. Gurvich,1991 pt1 p342 pt2 p296."
GeS2,GeS2,Other technologically relevant materials,II,100,298.15,-16.980417,781.762962,-2834.265453,3846.177087,2.186,0.9993,136.77,GeS2(II),tpis91,"Crystal II. Gurvich,1991 pt1 p345 pt2 p298."
GeS2,GeS2,Other technologically relevant materials,II,298.15,1113,56.68776,39.675308,-32.813952,12.627033,0.358,0.99967,136.77,GeS2(II),tpis91,"Crystal II. Gurvich,1991 pt1 p345 pt2 p298."
GeS2,GeS2,Other technologically relevant materials,L,1113,6000,99.99943,0,0,0,0,1,136.77,GeS2(L),tpis91,"Liquid. Gurvich,1991 pt1 p345 pt2 p298."
HBO2,HBO2,Ceramics,cr,298.15,509,37.239788,58.579666,0,0,0,1,43.8177,HBO2(cr),tpis96,"Crystal,metaboric acid. Gurvich,1996a pt1 p41 pt2 p25."
HBO2,HBO2,Ceramics,L,509,6000,104.999402,0,0,0,0,1,43.8177,HBO2(L),tpis96,"Liquid, metaboric acid. Gurvich,1996a pt1 p41 pt2 p25."
H2O,H2O,Other technologically relevant materials,cr,200,273.15,6.27282,88.451363,114.611695,-43.13572,0.019,1,18.0153,H2O(cr),g11/99,"Ice. Gordon,1982."
H2O,H2O,Other technologically relevant materials,L,273.15,373.15,153.519871,-665.928601,1858.593281,-1692.524227,0.491,0.85068,18.0153,H2O(L),g11/99,"Liquid. Cox,1989. Haar,1984. Keenan,1984. Stimson,1969."
H2O,H2O,Other technologically relevant materials,L,373.15,600,-707.420299,5312.111115,-12028.369089,9130.784143,2.811,0.99426,18.0153,H2O(L),g11/99,"Liquid. Cox,1989. Haar,1984. Keenan,1984. Stimson,1969."
H2SO4,H2SO4,Other technologically relevant materials,L,283.46,1000,81.366874,190.397766,5.443694,-2.540489,0.041,1,98.0785,H2SO4(L),j,"Chase,1998 p1335."
H3BO3,H3BO3,Ceramics,cr,200,444.1,20.073967,63.455295,799.799721,-925.126473,3.269,0.99936,61.833,H3BO3(cr),tpis96,"Triclinic,orthoboric acid. Gurvich,1996a pt1 p48 pt2 p31."
H3BO3,H3BO3,Ceramics,L,444.1,6000,179.998974,0,0,0,0,1,61.833,H3BO3(L),tpis96,"Liquid,orthoboric acid. Gurvich,1996a pt1 p48 pt2 p31."
H3PO4,H3PO4,Other technologically relevant materials,cr,200,315.5,12.848297,314.685386,19.170097,-87.23446,0.002,1,97.9952,H3PO4(cr),j12/71,"Crystal,Phosphoric acid. Chase,1998 p1345-7."
H3PO4,H3PO4,Other technologically relevant materials,L,315.5,1000,55.211904,301.31057,-0.084478,0.036557,0.003,1,97.9952,H3PO4(L),j12/71,"Liquid,Phosphoric acid. Chase,1998 pp1345-7."
Mercury,Hg,Metals and alloys,cr,100,234.29,17.247056,112.927069,-532.947967,1093.533769,0.205,0.99985,200.59,Hg(cr),j12/61,"Tetragonal. Ref-Elm. Chase,1998 pp1373-4."
Mercury,Hg,Metals and alloys,L,234.29,600,32.049017,-21.419647,29.719502,-12.788406,0.076,0.99977,200.59,Hg(L),j12/61,"Liquid. Ref-Elm. Chase,1998 pp1373-4."
Mercury,Hg,Metals and alloys,L,600,2000,25.725472,1.635915,1.099074,-0.258108,0.339,0.99982,200.59,Hg(L),j12/61,"Liquid. Ref-Elm. Chase,1998 pp1373-4."
HgBr2,HgBr2,Other technologically relevant materials,cr,298.15,514,86.64742,-126.845983,398.847767,-333.755652,0.167,0.99964,360.398,HgBr2(cr),g12/00,"Chase,1998 p482 3/62. Pankratz,1984 p302."
HgBr2,HgBr2,Other technologically relevant materials,L,514,6000,102.089418,0,0,0,0,1,360.398,HgBr2(L),g12/00,"Chase,1998 pp482-4 3/62."
HgO,HgO,Other technologically relevant materials,cr,200,400,16.606509,150.723767,-249.571234,177.669675,0.054,1,216.5894,HgO(cr),j,"Chase,1998 p1382."
HgO,HgO,Other technologically relevant materials,cr,400,1000,25.742866,79.514289,-65.472326,19.655573,0.046,0.99998,216.5894,HgO(cr),j,"Chase,1998 p1382."
I2,I2,Other technologically relevant materials,cr,200,386.75,14.530385,417.713949,-1580.812902,2112.836136,0.545,0.99871,253.8089,I2(cr),tpis89,"Rhombic. Ref-Elm. Gurvich,1989 pt1 p219 pt2 p315."
I2,I2,Other technologically relevant materials,L,386.75,6000,79.554547,0,0,0,0,1,253.8089,I2(L),tpis89,"Liquid. Ref-Elm. Gurvich,1989 pt1 p219 pt2 p315."
Indium,In,Metals and alloys,cr,100,429.78,18.990305,64.133621,-201.856722,255.611414,1.417,0.99556,114.818,In(cr),tpis96,"Tetragonal. Ref-Elm. Gurvich,1996a pt1 255 pt2 p207."
Indium,In,Metals and alloys,L,429.78,6000,29.538198,-2.968873,1.027211,-0.045782,3.143,0.99804,114.818,In(L),tpis96,"Liquid. Ref-Elm. Gurvich,1996a pt1 255 pt2 p207."
InBr3,InBr3,Other technologically relevant materials,cr,298.15,693,95.958453,20.260885,0,0,0,1,354.53,InBr3(cr),tpis96,"Gurvich,1996a pt1 p292 pt2 p235."
InBr3,InBr3,Other technologically relevant materials,L,693,6000,134.999231,0,0,0,0,1,354.53,InBr3(L),tpis96,"Liquid Gurvich,1996a pt1 p292 pt2 p235."
InCL,InCL,Other technologically relevant materials,crII,298.15,387,42.935755,28.589837,0,0,0,1,150.271,InCL(crII),tpis96,"Cubic Gurvich,1996a pt1 p280 pt2 p224."
InCL,InCL,Other technologically relevant materials,crI,387,484,55.999681,0,0,0,0,1,150.271,InCL(crI),tpis96,"Rhombic Gurvich,1996a pt1 p280 pt2 p224."
InCL,InCL,Other technologically relevant materials,L,484,6000,66.999618,0,0,0,0,1,150.271,InCL(L),tpis96,"Liquid Gurvich,1996a pt1 p280 pt2 p224"
InCl3,InCl3,Other technologically relevant materials,cr,298.15,856,90.913482,30.473826,0,0,0,1,221.177,InCl3(cr),tpis96,"Monoclinic Gurvich,1996a pt1 p284 pt2 p227."
InCl3,InCl3,Other technologically relevant materials,L,856,6000,116.999333,0,0,0,0,1,221.177,InCl3(L),tpis96,"Liquid Gurvich,1996a pt1 p284 pt2 p227."
InF3,InF3,Other technologically relevant materials,cr,298.15,1445,81.080538,36.619791,0,0,0,1,171.8132,InF3(cr),tpis96,"Hexagonal Gurvich,1996a pt1 p274 pt2 p219."
InF3,InF3,Other technologically relevant materials,L,1445,6000,133.999236,0,0,0,0,1,171.8132,InF3(L),tpis96,"Liquid Gurvich,1996a pt1 p274 pt2 p219."
InI3,InI3,Other technologically relevant materials,cr,296,480,90.05253,45.797176,-11.434969,7.880952,0,1,495.5314,InI3(cr),tpis96,"Monoclinic Gurvich,1996a pt1 p301 pt2 p244."
InI3,InI3,Other technologically relevant materials,L,480,6000,137.399217,0,0,0,0,1,495.5314,InI3(L),tpis96,"Liquid Gurvich,1996a pt1 p301 pt2 p244."
In2O3,In2O3,Ceramics,cr,200,500,-0.159536,549.943503,-869.41578,479.73715,1.129,0.99967,277.6342,In2O3(cr),tpis96,"Cubic. Gurvich,1996a pt1 p267 pt2 p214."
In2O3,In2O3,Ceramics,cr,500,2186,99.33947,48.741928,-23.503316,4.769478,0.796,0.99891,277.6342,In2O3(cr),tpis96,"Cubic. Gurvich,1996a pt1 p267 pt2 p214."
In2O3,In2O3,Ceramics,L,2186,6000,159.999088,0,0,0,0,1,277.6342,In2O3(L),tpis96,"Liquid. Gurvich,1996a pt1 p267 pt2 p214."
Potassium,K,Metals and alloys,cr,200,336.86,-16.292154,505.387853,-1994.226915,2734.376925,0.267,0.99973,39.0983,K(cr),coda89,"Cubic. Ref-Elm. Cox,1989 p257."
Potassium,K,Metals and alloys,L,336.86,2200,37.966967,-21.709777,14.115209,0.3788,0.439,0.99999,39.0983,K(L),coda89,"Liquid. Ref-Elm. Cox,1989 p257."
KALO2,KALO2,Ceramics,II,200,500,10.27284,341.424446,-479.596638,253.887804,0.335,0.9999,98.0786,KALO2(II),tpis82,"Cubic Gurvich,1982 pt1 p416 pt2 p440."
KALO2,KALO2,Ceramics,II,500,810,47.522458,137.229425,-116.718752,47.650766,0.014,1,98.0786,KALO2(II),tpis82,"Cubic Gurvich,1982 pt1 p416 pt2 p440."
KALO2,KALO2,Ceramics,I,810,1986,109.670862,-35.358669,36.886381,-7.100075,0.228,0.99994,98.0786,KALO2(I),tpis82,"Cubic Gurvich,1982 pt1 p416 pt2 p440."
KALO2,KALO2,Ceramics,L,1986,6000,129.999259,0,0,0,0,1,98.0786,KALO2(L),tpis82,"Liquid. Gurvich,1982 pt1 p416 pt2 p440."
KBO2,KBO2,Ceramics,cr,200,500,44.713948,-42.46899,617.2984,-741.219325,1.782,0.99831,81.9081,KBO2(cr),tpis82,"Hexagonal. Gurvich,1982 pt1 p414 pt2 p438."
KBO2,KBO2,Ceramics,cr,500,1220,49.472233,103.438897,-72.883466,22.803175,0.198,0.99994,81.9081,KBO2(cr),tpis82,"Hexagonal. Gurvich,1982 pt1 p414 pt2 p438."
KBO2,KBO2,Ceramics,L,1220,6000,144.999174,0,0,0,0,1,81.9081,KBO2(L),tpis82,"Liquid. Gurvich,1982 pt1 p414 pt2 p438."
KBr,KBr,Other technologically relevant materials,cr,200,500,25.982813,203.535691,-526.394177,470.996058,0.902,0.98802,119.0023,KBr(cr),tpis82,"Cubic. Gurvich,1982 pt1 p394 pt2 p422."
KBr,KBr,Other technologically relevant materials,cr,500,1007,48.508203,6.549271,14.836807,-5.280749,0.018,1,119.0023,KBr(cr),tpis82,"Cubic. Gurvich,1982 pt1 p394 pt2 p422."
KBr,KBr,Other technologically relevant materials,L,1007,6000,69.499604,0,0,0,0,1,119.0023,KBr(L),tpis82,"Liquid. Gurvich,1982 pt1 p394 pt2 p422."
KCN,KCN,Other technologically relevant materials,II,168.3,400,71.328833,-39.665902,105.863954,-95.66825,0.126,0.99268,65.1157,KCN(II),j,"Chase,1998 pp617-9."
KCN,KCN,Other technologically relevant materials,II,400,895,66.229309,0.09776,0.392429,-0.17203,0.006,0.99971,65.1157,KCN(II),j,"Chase,1998 pp617-9."
KCN,KCN,Other technologically relevant materials,L,895,6000,75.311571,0,0,0,0,1,65.1157,KCN(L),j,"Chase,1998 pp617-9."
KCL,KCL,Other technologically relevant materials,cr,200,500,33.879114,113.075556,-242.341788,197.467753,0.123,0.99951,74.5513,KCL(cr),tpis82,"Cubic. Gurvich,1982 pt1 p390 pt2 p419."
KCL,KCL,Other technologically relevant materials,cr,500,1044,44.006089,33.165157,-35.987237,22.847396,0,1,74.5513,KCL(cr),tpis82,"Cubic. Gurvich,1982 pt1 p390 pt2 p419."
KCL,KCL,Other technologically relevant materials,L,1044,6000,71.99959,0,0,0,0,1,74.5513,KCL(L),tpis82,"Liquid. Gurvich,1982 pt1 p390 pt2 p419."
KF,KF,Other technologically relevant materials,cr,200,500,34.744274,70.562809,-90.436919,50.020583,0.995,0.9987,58.0967,KF(cr),tpis82,"Cubic. Gurvich,1982 pt1 p387 pt2 p416."
KF,KF,Other technologically relevant materials,cr,500,1131,43.202433,26.125175,-12.445876,4.100832,0.034,1,58.0967,KF(cr),tpis82,"Cubic. Gurvich,1982 pt1 p387 pt2 p416."
KF,KF,Other technologically relevant materials,L,1131,6000,70.299599,0,0,0,0,1,58.0967,KF(L),tpis82,"Liquid. Gurvich,1982 pt1 p387 pt2 p416."
KH,KH,Other technologically relevant materials,cr,298.15,892,13.071825,110.59492,-102.641696,46.600371,0.679,0.9999,40.1062,KH(cr),tpis82,"Cubic. Gurvich,1982 pt1 p381 pt2 p411."
KH,KH,Other technologically relevant materials,L,892,6000,55.999681,0,0,0,0,1,40.1062,KH(L),tpis82,"Liquid. Gurvich,1982 pt1 p381 pt2 p411."
KI,KI,Other technologically relevant materials,cr,200,500,33.276345,145.682258,-370.759972,339.02606,0.406,0.99465,166.0028,KI(cr),tpis82,"Cubic. Gurvich,1982 pt1 p398 pt2 p425."
KI,KI,Other technologically relevant materials,cr,500,954,48.42544,8.469534,14.652469,-5.400856,0.012,1,166.0028,KI(cr),tpis82,"Cubic. Gurvich,1982 pt1 p398 pt2 p425."
KI,KI,Other technologically relevant materials,L,954,6000,70.299599,0,0,0,0,1,166.0028,KI(L),tpis82,"Liquid. Gurvich,1982 pt1 p398 pt2 p425."
KNO2,KNO2,Other technologically relevant materials,II,200,257.35,-10048.146606,124291.321451,-502137.623929,671191.391073,0.612,0.99971,85.1038,KNO2(II),tpis82,"Hexagonal. Gurvich,1982 pt1 p404 pt2 p430."
KNO2,KNO2,Other technologically relevant materials,II,257.35,314.7,-2793.301174,38062.479763,-159760.209802,217102.008276,0.12,0.99994,85.1038,KNO2(II),tpis82,"Hexagonal. Gurvich,1982 pt1 p404 pt2 p430."
KNO2,KNO2,Other technologically relevant materials,I,314.7,711,81.713534,16.735905,0,0,0,1,85.1038,KNO2(I),tpis82,"Cubic. Gurvich,1982 pt1 p404 pt2 p430."
KNO2,KNO2,Other technologically relevant materials,L,711,6000,101.999419,0,0,0,0,1,85.1038,KNO2(L),tpis82,"Liquid. Gurvich,1982 pt1 p404 pt2 p430."
KNO3,KNO3,Other technologically relevant materials,a,200,402,12.346205,544.140672,-1339.706798,1492.974212,0.425,0.99992,101.1032,KNO3(a),tpis82,"Rhombic. Gurvich,1982 pt1 p407 pt2 p432."
KNO3,KNO3,Other technologically relevant materials,b,402,607.7,680.471245,-3200.870198,5936.503841,-3501.205029,0.189,0.99983,101.1032,KNO3(b),tpis82,"Hexagonal. Gurvich,1982 pt1 p407 pt2 p432."
KNO3,KNO3,Other technologically relevant materials,L,607.7,6000,140.999196,0,0,0,0,1,101.1032,KNO3(L),tpis82,"Liquid. Gurvich,1982 pt1 p407 pt2 p432."
KOH,KOH,Other technologically relevant materials,a,100,199.07,-53.114298,1713.253828,-10609.466544,23995.459208,2.914,0.99718,56.1056,KOH(a),g,"Alpha,beta. Gurvich,1997 p1031."
KOH,KOH,Other technologically relevant materials,a,199.07,298.15,68.929479,-738.677748,5224.034114,-9212.763511,0.048,0.99999,56.1056,KOH(a),g,"Alpha,beta. Gurvich,1997 p1031."
KOH,KOH,Other technologically relevant materials,b,298.15,517,52.33145,59.126009,-14.394002,9.451414,0.002,1,56.1056,KOH(b),g,"Beta.       Gurvich,1997 p1031."
KOH,KOH,Other technologically relevant materials,c,517,679,79.999544,0,0,0,0,1,56.1056,KOH(c),g,"Gamma.      Gurvich,1997 p1031."
KOH,KOH,Other technologically relevant materials,L,679,6000,86.999504,0,0,0,0,1,56.1056,KOH(L),g,"Liquid.     Gurvich,1997 p1031."
KO2,KO2,Other technologically relevant materials,b,200,422,210.764675,-1371.340262,4390.291335,-4349.277508,3.004,0.98177,71.0971,KO2(b),tpis82,"Tetragonal. Gurvich,1982 pt1 p375 pt2 p405."
KO2,KO2,Other technologically relevant materials,a,422,808,87.999499,0,0,0,0,1,71.0971,KO2(a),tpis82,"Cubic. Gurvich,1982 pt1 p375 pt2 p405."
KO2,KO2,Other technologically relevant materials,L,808,6000,99.99943,0,0,0,0,1,71.0971,KO2(L),tpis82,"Liquid. Gurvich,1982 pt1 p375 pt2 p405."
K2CO3,K2CO3,Other technologically relevant materials,a,200,693,68.935174,149.414784,13.701613,-8.622491,0.097,1,138.2055,K2CO3(a),tpis82,"Monoclinic. Gurvich,1982 pt1 p410 pt2 p434."
K2CO3,K2CO3,Other technologically relevant materials,b,693,1173,108.921379,68.851608,0,0,0,1,138.2055,K2CO3(b),tpis82,"Hexagonal. Gurvich,1982 pt1 p410 pt2 p434."
K2CO3,K2CO3,Other technologically relevant materials,L,1173,6000,205.498829,0,0,0,0,1,138.2055,K2CO3(L),tpis82,"Liquid. Gurvich,1982 pt1 p410 pt2 p434."
K2O,K2O,Other technologically relevant materials,c,298.15,590,51.056709,70.2416,0,0,0,1,94.196,K2O(c),tpis82,"III Cubic. Gurvich,1982 pt1 p377 pt2 p406."
K2O,K2O,Other technologically relevant materials,b,590,645,99.99943,0,0,0,0,1,94.196,K2O(b),tpis82,"II Cubic. Gurvich,1982 pt1 p377 pt2 p406."
K2O,K2O,Other technologically relevant materials,a,645,1013,99.99943,0,0,0,0,1,94.196,K2O(a),tpis82,"I Tetragonal. Gurvich,1982 pt1 p377 pt2 p406."
K2O,K2O,Other technologically relevant materials,L,1013,6000,99.99943,0,0,0,0,1,94.196,K2O(L),tpis82,"Liquid. Gurvich,1982 pt1 p377 pt2 p406."
K2O2,K2O2,Other technologically relevant materials,cr,298.15,818,76.087566,50.013715,0,0,0,1,110.1954,K2O2(cr),tpis82,"Rhombic. Gurvich,1982 pt1 p379 pt2 p409."
K2O2,K2O2,Other technologically relevant materials,L,818,6000,133.999236,0,0,0,0,1,110.1954,K2O2(L),tpis82,"Liquid. Gurvich,1982 pt1 p379 pt2 p409."
K2S,K2S,Other technologically relevant materials,cr,298.15,600,66.976473,25.587005,1.055261,-0.950873,0.014,1,110.2616,K2S(cr),j,"Below lambda. Chase,1998 pp1486-8."
K2S,K2S,Other technologically relevant materials,cr,600,825,410.496545,-1521.871576,2284.644543,-1107.655292,2.322,0.95022,110.2616,K2S(cr),j,"Below lambda. Chase,1998 pp1486-8."
K2S,K2S,Other technologically relevant materials,cr,825,1050,1634.189649,-4044.652729,2949.270155,-383.009368,0.532,0.99997,110.2616,K2S(cr),j,"Below lambda. Chase,1998 pp1486-8."
K2S,K2S,Other technologically relevant materials,cr,1050,1100,1300.55827,-1052.930108,0,0,0,1,110.2616,K2S(cr),j,"Above lambda. Chase,1998 pp1486-8."
K2S,K2S,Other technologically relevant materials,cr,1100,1221,142.335151,0,0,0,0,1,110.2616,K2S(cr),j,"Above lambda. Chase,1998 pp1486-8."
K2S,K2S,Other technologically relevant materials,L,1221,6000,100.959345,0,0,0,0,1,110.2616,K2S(L),j,"Chase,1998 pp1486-8."
K2SO4,K2SO4,Other technologically relevant materials,II,200,500,26.962329,600.766046,-1102.11612,873.991621,0.728,0.99981,174.2592,K2SO4(II),tpis82,"Rhombic. Gurvich,1982 pt1 p402 pt2 p428."
K2SO4,K2SO4,Other technologically relevant materials,II,500,857,87.40862,159.830217,-32.189806,12.694868,0.004,1,174.2592,K2SO4(II),tpis82,"Rhombic. Gurvich,1982 pt1 p402 pt2 p428."
K2SO4,K2SO4,Other technologically relevant materials,I,857,1342,937.081322,-1925.099521,1559.807693,-379.215758,0.191,0.99995,174.2592,K2SO4(I),tpis82,"Hexagonal. Gurvich,1982 pt1 p402 pt2 p428."
K2SO4,K2SO4,Other technologically relevant materials,L,1342,6000,199.99886,0,0,0,0,1,174.2592,K2SO4(L),tpis82,"Liquid. Gurvich,1982 pt1 p402 pt2 p428."
K2SiO3,K2SiO3,Ceramics,cr,200,500,12.321438,627.969565,-1171.721814,832.569319,0.501,0.99992,154.2803,K2SiO3(cr),tpis82,"Rhombic. Gurvich,1982 pt1 p412 pt2 p436."
K2SiO3,K2SiO3,Ceramics,cr,500,1249,95.415843,103.540464,-45.874839,14.121194,0.089,0.99999,154.2803,K2SiO3(cr),tpis82,"Rhombic. Gurvich,1982 pt1 p412 pt2 p436."
K2SiO3,K2SiO3,Ceramics,L,1249,6000,189.998917,0,0,0,0,1,154.2803,K2SiO3(L),tpis82,"Liquid. Gurvich,1982 pt1 p412 pt2 p436."
K2Si2O5,K2Si2O5,Ceramics,a,200,510,40.664421,535.165354,-419.354638,-67.702941,0.46,0.99953,214.3646,K2Si2O5(a),tpis82,"III. Gurvich,1982 pt1 p413 pt2 p437."
K2Si2O5,K2Si2O5,Ceramics,b,510,867,135.221891,158.580223,-74.795,29.065948,0.007,1,214.3646,K2Si2O5(b),tpis82,"II. Gurvich,1982 pt1 p413 pt2 p437."
K2Si2O5,K2Si2O5,Ceramics,c,867,1318,224.223722,4.417975,0,0,0,1,214.3646,K2Si2O5(c),tpis82,"I. Gurvich,1982 pt1 p413 pt2 p437."
K2Si2O5,K2Si2O5,Ceramics,L,1318,6000,274.998433,0,0,0,0,1,214.3646,K2Si2O5(L),tpis82,"Gurvich,1982 pt1 p413 pt2 p437."
K3ALF6,K3ALF6,Other technologically relevant materials,II,298.15,600,152.869129,235.21466,0,0,0,1,258.2669,K3ALF6(II),tpis82,"Tetragonal. Gurvich,1982 pt1 p418 pt2 p442."
K3ALF6,K3ALF6,Other technologically relevant materials,I,600,1273,240.538629,55.769682,0,0,0,1,258.2669,K3ALF6(I),tpis82,"Cubic. Gurvich,1982 pt1 p418 pt2 p442."
K3ALF6,K3ALF6,Other technologically relevant materials,L,1273,6000,392.99776,0,0,0,0,1,258.2669,K3ALF6(L),tpis82,"Liquid. Gurvich,1982 pt1 p418 pt2 p442."
Lithium,Li,Metals and alloys,cr,200,298.15,5.342817,134.656794,-341.177459,365.972168,0.012,1,6.941,Li(cr),tpis82,"Crystal. Ref-Elm. Gurvich,1982 pt1 p245 pt2 p286."
Lithium,Li,Metals and alloys,cr,298.15,453.69,46.041149,-185.272744,486.02454,-345.498864,0.042,0.99999,6.941,Li(cr),tpis82,"Crystal. Ref-Elm. Gurvich,1982 pt1 p245 pt2 p286."
Lithium,Li,Metals and alloys,L,453.69,6000,32.171825,-6.105944,2.861546,-0.02026,1.272,0.99999,6.941,Li(L),tpis82,"Liquid. Ref-Elm. Gurvich,1982 pt1 p245 pt2 p286."
LiALO2,LiALO2,Ceramics,cr,200,700,-26.374616,504.040651,-743.721066,390.866453,0.755,0.99968,65.9213,LiALO2(cr),j12/79,"Chase,1998 pp126-8."
LiALO2,LiALO2,Ceramics,cr,700,1973,73.568545,42.846129,-18.099839,3.662758,0.207,0.99992,65.9213,LiALO2(cr),j12/79,"Chase,1998 pp126-8."
LiALO2,LiALO2,Ceramics,L,1973,6000,125.519285,0,0,0,0,1,65.9213,LiALO2(L),j12/79,"Chase,1998 pp126-8."
LiBO2,LiBO2,Ceramics,cr,200,500,-23.9997,466.280858,-770.794106,499.483719,0.701,0.99996,49.7508,LiBO2(cr),tpis82,"Monoclinic. Gurvich,1982 pt1 p298 pt2 p331."
LiBO2,LiBO2,Ceramics,cr,500,1122,36.285466,108.844584,-56.234463,18.629097,0.1,0.99999,49.7508,LiBO2(cr),tpis82,"Monoclinic. Gurvich,1982 pt1 p298 pt2 p331."
LiBO2,LiBO2,Ceramics,L,1122,6000,144.399177,0,0,0,0,1,49.7508,LiBO2(L),tpis82,"Liquid. Gurvich,1982 pt1 p298 pt2 p331."
LiBr,LiBr,Other technologically relevant materials,cr,200,500,20.257446,209.697975,-501.914938,438.134281,0.36,0.99778,86.845,LiBr(cr),tpis82,"Cubic. Gurvich,1982 pt1 p284 pt2 p317."
LiBr,LiBr,Other technologically relevant materials,cr,500,823,43.66987,16.890295,10.519861,-4.253333,0.003,1,86.845,LiBr(cr),tpis82,"Cubic. Gurvich,1982 pt1 p284 pt2 p317."
LiBr,LiBr,Other technologically relevant materials,L,823,6000,65.299628,0,0,0,0,1,86.845,LiBr(L),tpis82,"Liquid. Gurvich,1982 pt1 p284 pt2 p317."
LiCL,LiCL,Other technologically relevant materials,cr,200,500,27.795678,106.266514,-159.996373,105.364424,0.816,0.99955,42.394,LiCL(cr),tpis82,"Cubic. Gurvich,1982 pt1 p279 pt2 p313."
LiCL,LiCL,Other technologically relevant materials,cr,500,883,38.730703,39.71127,-22.376936,8.662292,0.01,1,42.394,LiCL(cr),tpis82,"Cubic. Gurvich,1982 pt1 p279 pt2 p313."
LiCL,LiCL,Other technologically relevant materials,L,883,6000,63.19964,0,0,0,0,1,42.394,LiCL(L),tpis82,"Liquid. Gurvich,1982 pt1 p279 pt2 p313."
LiF,LiF,Other technologically relevant materials,cr,200,500,-12.472314,347.465349,-714.133139,533.35926,0.241,0.99989,25.9394,LiF(cr),tpis82,"Cubic. Gurvich,1982 pt1 p273 pt2 p309."
LiF,LiF,Other technologically relevant materials,cr,500,1122,33.338484,42.685645,-26.061676,9.20929,0.079,0.99999,25.9394,LiF(cr),tpis82,"Cubic. Gurvich,1982 pt1 p273 pt2 p309."
LiF,LiF,Other technologically relevant materials,L,1122,6000,63.799636,0,0,0,0,1,25.9394,LiF(L),tpis82,"Liquid. Gurvich,1982 pt1 p273 pt2 p309."
LiH,LiH,Other technologically relevant materials,cr,200,582.5,-14.21258,231.724768,-365.223206,245.155062,1.449,0.99988,7.9489,LiH(cr),tpis82,"Cubic. Gurvich,1982 pt1 p263 pt2 p300."
LiH,LiH,Other technologically relevant materials,cr,582.5,965,13.953728,60.991719,-15.69691,5.031909,0.014,1,7.9489,LiH(cr),tpis82,"Cubic. Gurvich,1982 pt1 p263 pt2 p300."
LiH,LiH,Other technologically relevant materials,L,965,6000,54.999687,0,0,0,0,1,7.9489,LiH(L),tpis82,"Liquid. Gurvich,1982 pt1 p263 pt2 p300."
LiI,LiI,Other technologically relevant materials,cr,200,500,36.206661,85.271318,-160.276037,138.818534,0.378,0.99959,133.8455,LiI(cr),tpis82,"Cubic. Gurvich,1982 pt1 p287 pt2 p321."
LiI,LiI,Other technologically relevant materials,cr,500,742,43.63678,24.83079,0,0,0,1,133.8455,LiI(cr),tpis82,"Cubic. Gurvich,1982 pt1 p287 pt2 p321."
LiI,LiI,Other technologically relevant materials,L,742,6000,63.19964,0,0,0,0,1,133.8455,LiI(L),tpis82,"Liquid. Gurvich,1982 pt1 p287 pt2 p321."
LiNO2,LiNO2,Other technologically relevant materials,II,298.15,369,-8.538951,239.942633,0,0,0,1,52.9465,LiNO2(II),tpis82,"Crystal. Gurvich,1982 pt1 p292 pt2 p326."
LiNO2,LiNO2,Other technologically relevant materials,I,369,495,79.999544,0,0,0,0,1,52.9465,LiNO2(I),tpis82,"Hexagonal. Gurvich,1982 pt1 p292 pt2 p326."
LiNO2,LiNO2,Other technologically relevant materials,L,495,6000,89.999487,0,0,0,0,1,52.9465,LiNO2(L),tpis82,"Liquid. Gurvich,1982 pt1 p292 pt2 p326."
LiNO3,LiNO3,Other technologically relevant materials,cr,298.15,526,87.543501,-78.556552,279.861405,0,0,1,68.9459,LiNO3(cr),tpis82,"Hexagonal. Gurvich,1982 pt1 p294 pt2 p328."
LiNO3,LiNO3,Other technologically relevant materials,L,525,6000,148.999151,0,0,0,0,1,68.9459,LiNO3(L),tpis82,"Liquid. Gurvich,1982 pt1 p294 pt2 p328."
LiOH,LiOH,Other technologically relevant materials,cr,200,746,-7.099881,295.653381,-428.079424,240.947863,2.215,0.99894,23.9483,LiOH(cr),g,"Tetragonal. Gurvich,1996b."
LiOH,LiOH,Other technologically relevant materials,L,746,6000,87.299503,0,0,0,0,1,23.9483,LiOH(L),g,"Liquid. Gurvich,1996b."
Li2CO3,Li2CO3,Other technologically relevant materials,cr,200,500,-53.422862,929.35606,-1858.446141,1484.070947,3.538,0.99905,73.8909,Li2CO3(cr),tpis82,"Monoclinic. Gurvich,1982 pt1 p297 pt2 p330."
Li2CO3,Li2CO3,Other technologically relevant materials,cr,500,1005,49.54685,174.967539,-24.993662,8.907347,0.013,1,73.8909,Li2CO3(cr),tpis82,"Monoclinic. Gurvich,1982 pt1 p297 pt2 p330."
Li2CO3,Li2CO3,Other technologically relevant materials,L,1005,6000,184.998946,0,0,0,0,1,73.8909,Li2CO3(L),tpis82,"Liquid. Gurvich,1982 pt1 p297 pt2 p330."
Li2O,Li2O,Other technologically relevant materials,cr,200,800,-21.637437,405.560896,-611.796969,332.221926,1.318,0.99919,29.8814,Li2O(cr),tpis82,"Cubic. Gurvich,1982 pt1 p257 pt2 p295."
Li2O,Li2O,Other technologically relevant materials,cr,800,1726,62.881523,9.348366,13.495541,2.998104,0.064,1,29.8814,Li2O(cr),tpis82,"Cubic. Gurvich,1982 pt1 p257 pt2 p295."
Li2O,Li2O,Other technologically relevant materials,L,1726,6000,103.999407,0,0,0,0,1,29.8814,Li2O(L),tpis82,"Liquid. Gurvich,1982 pt1 p257 pt2 p295."
Li2O2,Li2O2,Other technologically relevant materials,cr,298.15,1000,57.157674,59.841659,0,0,0,1,45.8808,Li2O2(cr),tpis82,"Hexagonal. Gurvich,1982 pt1 p261 pt2 p298."
Li2SO4,Li2SO4,Other technologically relevant materials,a,200,500,-5.907136,583.43531,-646.280093,260.481065,0.967,0.99921,109.9446,Li2SO4(a),tpis82,"Alpha. Gurvich,1982 pt1 p291 pt2 p325."
Li2SO4,Li2SO4,Other technologically relevant materials,a,500,848,-381.084696,2730.464693,-4704.587366,2784.829694,0.104,1,109.9446,Li2SO4(a),tpis82,"Alpha. Gurvich,1982 pt1 p291 pt2 p325."
Li2SO4,Li2SO4,Other technologically relevant materials,b,848,1131,217.998758,0,0,0,0,1,109.9446,Li2SO4(b),tpis82,"Beta. Gurvich,1982 pt1 p291 pt2 p325."
Li2SO4,Li2SO4,Other technologically relevant materials,L,1131,6000,204.998832,0,0,0,0,1,109.9446,Li2SO4(L),tpis82,"Liquid. Gurvich,1982 pt1 p291 pt2 p325."
Li3ALF6,Li3ALF6,Other technologically relevant materials,IV,200,500,-42.768298,1470.66516,-2758.802665,1965.137935,0.355,0.99996,161.795,Li3ALF6(IV),tpis82,"Rhombic. Gurvich,1982 pt1 p301 pt2 p334."
Li3ALF6,Li3ALF6,Other technologically relevant materials,IV,500,788,116.500861,397.382363,-323.373235,110.149362,0.009,1,161.795,Li3ALF6(IV),tpis82,"Rhombic. Gurvich,1982 pt1 p301 pt2 p334."
Li3ALF6,Li3ALF6,Other technologically relevant materials,III,788,873,284.998376,0,0,0,0,1,161.795,Li3ALF6(III),tpis82,"Tetragonal. Gurvich,1982 pt1 p301 pt2 p334."
Li3ALF6,Li3ALF6,Other technologically relevant materials,II,873,978,294.998319,0,0,0,0,1,161.795,Li3ALF6(II),tpis82,"Cubic. Gurvich,1982 pt1 p301 pt2 p334."
Li3ALF6,Li3ALF6,Other technologically relevant materials,I,978,1058,277.998416,0,0,0,0,1,161.795,Li3ALF6(I),tpis82,"Crystal. Gurvich,1982 pt1 p301 pt2 p334."
Li3ALF6,Li3ALF6,Other technologically relevant materials,L,1058,6000,385.9978,0,0,0,0,1,161.795,Li3ALF6(L),tpis82,"Liquid. Gurvich,1982 pt1 p301 pt2 p334."
Li3N,Li3N,Other technologically relevant materials,cr,200,700,-6.824593,429.688782,-646.453227,405.918708,1.957,0.9992,34.8297,Li3N(cr),j,"Chase,1998 p1526."
Li3N,Li3N,Other technologically relevant materials,cr,700,1300,45.149535,111.907229,-15.728579,-0.387901,0.056,1,34.8297,Li3N(cr),j,"Chase,1998 p1526."
Magnesium,Mg,Metals and alloys,cr,100,298.15,-3.54177,283.354093,-1025.746492,1324.791832,1.211,0.99957,24.305,Mg(cr),srd,"Hexagonal. Ref-Elm. Alcock,1993."
Magnesium,Mg,Metals and alloys,cr,298.15,923,19.266805,26.503292,-30.494298,18.676908,0.505,0.99974,24.305,Mg(cr),srd,"Hexagonal. Ref-Elm. Alcock,1993."
Magnesium,Mg,Metals and alloys,L,923,6000,34.299805,0,0,0,0,1,24.305,Mg(L),srd,"Liquid. Ref-Elm. Alcock,1993."
MgAL2O4,MgAL2O4,Refractories,cr,200,800,-50.008052,879.537748,-1293.159814,674.231142,1.915,0.99907,142.2657,MgAL2O4(cr),j12/79,"Crystal. Chase,1998 pp147-9."
MgAL2O4,MgAL2O4,Refractories,cr,800,2408,126.922406,62.784021,-13.410225,2.25981,0.15,0.99999,142.2657,MgAL2O4(cr),j12/79,"Crystal. Chase,1998 pp147-9."
MgAL2O4,MgAL2O4,Refractories,L,2408,6000,219.658748,0,0,0,0,1,142.2657,MgAL2O4(L),j12/79,"Liquid. Chase,1998 pp147-9."
MgBr2,MgBr2,Other technologically relevant materials,cr,298.15,984,56.1393,80.6659,-85.264465,36.010181,0.473,0.99942,184.113,MgBr2(cr),tpis96,"Hexagonal. Gurvich,1996a pt1 p418 pt2 p332."
MgBr2,MgBr2,Other technologically relevant materials,L,984,6000,99.99943,0,0,0,0,1,184.113,MgBr2(L),tpis96,"Liquid. Gurvich,1996a pt1 p418 pt2 p332."
MgCO3,MgCO3,Other technologically relevant materials,cr,200,500,-1.59506,384.395613,-487.514587,245.773897,0.697,0.9999,84.3139,MgCO3(cr),tpis96,"Hexagonal. Gurvich,1996a pt1 p429 pt2 p341."
MgCO3,MgCO3,Other technologically relevant materials,cr,500,1263,49.761873,121.277215,-50.63307,15.465391,0.145,0.99999,84.3139,MgCO3(cr),tpis96,"Hexagonal. Gurvich,1996a pt1 p429 pt2 p341."
MgCO3,MgCO3,Other technologically relevant materials,L,1263,6000,149.999145,0,0,0,0,1,84.3139,MgCO3(L),tpis96,"Liquid. Gurvich,1996a pt1 p429 pt2 p341."
MgCL2,MgCL2,Other technologically relevant materials,cr,200,500,27.854511,264.732647,-501.98284,346.959111,0.16,0.99997,95.211,MgCL2(cr),tpis96,"Hexagonal. Gurvich,1996a pt1 p413 pt2 p329."
MgCL2,MgCL2,Other technologically relevant materials,cr,500,987,62.417834,46.965086,-38.120965,13.746365,0.029,0.99999,95.211,MgCL2(cr),tpis96,"Hexagonal. Gurvich,1996a pt1 p413 pt2 p329."
MgCL2,MgCL2,Other technologically relevant materials,L,987,6000,99.249979,-7.921475,1.906491,-0.149943,1.142,0.96583,95.211,MgCL2(L),tpis96,"Liquid. Gurvich,1996a pt1 p413 pt2 p329."
MgF2,MgF2,Other technologically relevant materials,cr,200,500,9.59443,255.373202,-291.695996,73.153277,1.55,0.99926,62.3018,MgF2(cr),tpis96,"Tetragonal. Gurvich,1996a pt1 p410 pt2 p326."
MgF2,MgF2,Other technologically relevant materials,cr,500,1536,56.824004,49.518265,-35.340776,9.384512,0.386,0.99914,62.3018,MgF2(cr),tpis96,"Tetragonal. Gurvich,1996a pt1 p410 pt2 p326."
MgF2,MgF2,Other technologically relevant materials,L,1536,6000,94.79946,0,0,0,0,1,62.3018,MgF2(L),tpis96,"Liquid. Gurvich,1996a pt1 p410 pt2 p326."
MgH2,MgH2,Other technologically relevant materials,b,200,300,255.880965,-2970.478663,12337.299678,-16289.513864,1.232,0.99921,26.3209,MgH2(b),tpis96,"Beta,tetragonal. Gurvich,1996a pt1 p402 pt2 p321."
MgH2,MgH2,Other technologically relevant materials,b,300,400,-128.071518,1278.141317,-3316.02158,2909.86093,0.019,0.99999,26.3209,MgH2(b),tpis96,"Beta,tetragonal. Gurvich,1996a pt1 p402 pt2 p321."
MgH2,MgH2,Other technologically relevant materials,b,400,600,193.495317,-1002.384736,2098.149442,-1394.906681,0.324,0.99965,26.3209,MgH2(b),tpis96,"Beta,tetragonal. Gurvich,1996a pt1 p402 pt2 p321."
MgH2,MgH2,Other technologically relevant materials,L,600,6000,74.999573,0,0,0,0,1,26.3209,MgH2(L),tpis96,"Liquid. Gurvich,1996a pt1 p402 pt2 p321."
MgI2,MgI2,Other technologically relevant materials,cr,298.15,906,68.939607,18.563894,0,0,0,1,278.1139,MgI2(cr),tpis96,"Hexagonal. Gurvich,1996a pt1 p422 pt2 p335."
MgI2,MgI2,Other technologically relevant materials,L,906,6000,99.99943,0,0,0,0,1,278.1139,MgI2(L),tpis96,"Liquid. Gurvich,1996a pt1 p422 pt2 p335."
MgO,MgO,Refractories,cr,200,500,-20.980358,352.541458,-658.749524,439.865663,0.085,0.99999,40.3044,MgO(cr),tpis96,"Cubic Gurvich,1996a pt1 p397 pt2 p317."
MgO,MgO,Refractories,cr,500,3100,38.828688,18.737044,-8.588724,1.735755,1.553,0.99908,40.3044,MgO(cr),tpis96,"Cubic Gurvich,1996a pt1 p397 pt2 p317."
MgO,MgO,Refractories,L,3100,6000,83.999521,0,0,0,0,1,40.3044,MgO(L),tpis96,"Liquid Gurvich,1996a pt1 p397 pt2 p317."
Mg(OH)2,Mg(OH)2,Other technologically relevant materials,cr,200,500,3.361278,315.315697,-197.860778,-97.326902,1.29,0.99979,58.3197,Mg(OH)2(cr),tpis96,"Hexagonal. Gurvich,1996a pt1 p405 pt2 p323."
Mg(OH)2,Mg(OH)2,Other technologically relevant materials,cr,500,1000,50.248675,155.052485,-138.455354,49.042132,0.175,0.99993,58.3197,Mg(OH)2(cr),tpis96,"Hexagonal. Gurvich,1996a pt1 p405 pt2 p323."
Mg(OH)2,Mg(OH)2,Other technologically relevant materials,L,1100,6000,95.864143,21.200138,-0.676931,0.052251,0.267,0.99999,58.3197,Mg(OH)2(L),tpis96,"Liquid. Gurvich,1996a pt1 p405 pt2 p323."
MgS,MgS,Other technologically relevant materials,cr,200,500,6.978506,270.691778,-623.966034,502.707463,0.351,0.99875,56.37,MgS(cr),tpis96,"Cubic. Gurvich,1996a pt1 p424 pt2 p337."
MgS,MgS,Other technologically relevant materials,cr,500,2500,43.5388,11.967077,-1.767824,0.322249,0.247,0.99997,56.37,MgS(cr),tpis96,"Cubic. Gurvich,1996a pt1 p424 pt2 p337."
MgS,MgS,Other technologically relevant materials,L,2500,6000,66.999618,0,0,0,0,1,56.37,MgS(L),tpis96,"Liquid. Gurvich,1996a pt1 p424 pt2 p337."
MgSO4,MgSO4,Other technologically relevant materials,II,200,500,-37.439394,829.019028,-1642.0242,1224.084023,1.069,0.99978,120.3676,MgSO4(II),tpis96,"CrII,rhombic. Gurvich,1996a pt1 p426 pt2 p339."
MgSO4,MgSO4,Other technologically relevant materials,II,500,1283,66.477945,132.612959,-59.231598,11.904993,0.103,0.99999,120.3676,MgSO4(II),tpis96,"CrII,rhombic. Gurvich,1996a pt1 p426 pt2 p339."
MgSO4,MgSO4,Other technologically relevant materials,I,1283,1410,154.999117,0,0,0,0,1,120.3676,MgSO4(I),tpis96,"CrI,rhombic. Gurvich,1996a pt1 p426 pt2 p339."
MgSO4,MgSO4,Other technologically relevant materials,L,1410,6000,154.999117,0,0,0,0,1,120.3676,MgSO4(L),tpis96,"Liquid. Gurvich,1996a pt1 p426 pt2 p339."
MgSiO3,MgSiO3,Refractories,I,200,903,-2.475226,422.996159,-563.603304,273.267506,3.577,0.99777,100.3887,MgSiO3(I),j12/67,"Chase,1998 pp1540-2."
MgSiO3,MgSiO3,Refractories,II,903,1258,120.339522,0,0,0,0,1,100.3887,MgSiO3(II),j12/67,"Chase,1998 pp1540-2."
MgSiO3,MgSiO3,Refractories,III,1258,1850,122.43151,0,0,0,0,1,100.3887,MgSiO3(III),j12/67,"Chase,1998 pp1540-2."
MgSiO3,MgSiO3,Refractories,L,1850,6000,146.439165,0,0,0,0,1,100.3887,MgSiO3(L),j12/67,"Chase,1998 pp1540-2."
MgTiO3,MgTiO3,Ceramics,cr,200,700,-17.436556,595.72605,-929.117258,521.098551,1.239,0.99948,120.1702,MgTiO3(cr),j,"Chase,1998 pp1543-5."
MgTiO3,MgTiO3,Ceramics,cr,700,1953,91.15502,63.977516,-31.93784,6.685492,0.189,0.99987,120.1702,MgTiO3(cr),j,"Chase,1998 pp1543-5."
MgTiO3,MgTiO3,Ceramics,L,1953,6000,163.17507,0,0,0,0,1,120.1702,MgTiO3(L),j,"Chase,1998 pp1543-5."
MgTi2O5,MgTi2O5,Ceramics,cr,200,800,-4.771428,802.580952,-1190.830318,630.666273,2.38,0.99821,200.036,MgTi2O5(cr),g11/00,"Todd,1952. Chase,1998 pp1550-1552 6/67."
MgTi2O5,MgTi2O5,Ceramics,cr,800,1963,147.904879,74.446802,-20.424448,3.887742,0.053,0.99999,200.036,MgTi2O5(cr),g11/00,"Todd,1952. Chase,1998 pp1550-1552 6/67."
MgTi2O5,MgTi2O5,Ceramics,L,1963,6000,261.080112,0,0,0,0,1,200.036,MgTi2O5(L),g11/00,"Todd,1952. Chase,1998 pp1550-1552 6/67."
Mg2SiO4,Mg2SiO4,Refractories,cr,200,800,-18.703037,714.071997,-1014.837571,518.193448,1.767,0.99915,140.6931,Mg2SiO4(cr),g11/00,"Chase,1998 pp1556-8 12/67."
Mg2SiO4,Mg2SiO4,Refractories,cr,800,2171,122.7506,75.155501,-28.312561,4.913795,0.124,0.99996,140.6931,Mg2SiO4(cr),g11/00,"Chase,1998 pp1556-8 12/67."
Mg2SiO4,Mg2SiO4,Refractories,L,2170,6000,205.014832,0,0,0,0,1,140.6931,Mg2SiO4(L),g11/00,"Chase,1998 pp1556-8 12/67"
Mg2TiO4,Mg2TiO4,Ceramics,cr,200,800,-14.385146,758.351199,-1129.749429,599.95941,2.734,0.99817,160.4746,Mg2TiO4(cr),g11/00,"Chase,1998 pp1559-61 6/67."
Mg2TiO4,Mg2TiO4,Ceramics,cr,800,2013,129.109131,69.711252,-17.95671,2.772338,0.056,1,160.4746,Mg2TiO4(cr),g11/00,"Chase,1998 pp1559-61 6/67."
Mg2TiO4,Mg2TiO4,Ceramics,L,2013,6000,228.445098,0,0,0,0,1,160.4746,Mg2TiO4(L),g11/00,"Chase,1998 pp1559-61 6/67."
Mg3N2,Mg3N2,Ceramics,cr,298.15,1010.88,24.694815,336.575537,-399.801635,165.482766,2.002,0.99702,100.9284,Mg3N2(cr),tpis96,"Cubic. Gurvich,1996a pt1 p427 pt2 p340."
Mg3N2,Mg3N2,Ceramics,cr,1010.88,1723.61,104.520552,32.50227,-13.282897,2.599427,0.008,1,100.9284,Mg3N2(cr),tpis96,"Cubic. Gurvich,1996a pt1 p427 pt2 p340."
Mg3N2,Mg3N2,Ceramics,cr,1723.61,3149.07,115.337185,12.952947,-1.35955,0.149444,0.004,1,100.9284,Mg3N2(cr),tpis96,"Cubic. Gurvich,1996a pt1 p427 pt2 p340."
Mg3N2,Mg3N2,Ceramics,cr,3149.07,6000,118.992621,9.279144,-0.11169,0.006543,0.001,1,100.9284,Mg3N2(cr),tpis96,"Cubic. Gurvich,1996a pt1 p427 pt2 p340."
Manganese,Mn,Metals and alloys,a,200,980,15.477314,48.055618,-47.27032,21.833778,1.35,0.99955,54.938,Mn(a),j,"Alpha. Ref-Elm. Chase,1998 pp1571-4."
Manganese,Mn,Metals and alloys,b,980,1361,27.460293,19.730715,-13.167507,3.68456,0.124,0.99938,54.938,Mn(b),j,"Beta. Ref-Elm. Chase,1998 pp1571-4."
Manganese,Mn,Metals and alloys,c,1361,1412,-135.812637,319.387879,-187.049164,35.975909,0,1,54.938,Mn(c),j,"Gamma. Ref-Elm. Chase,1998 pp1571-4."
Manganese,Mn,Metals and alloys,d,1412,1519,-81.783418,210.972954,-115.347168,20.99027,0,1,54.938,Mn(d),j,"Delta. Ref-Elm. Chase,1998 pp1571-4."
Manganese,Mn,Metals and alloys,L,1519,6000,46.023738,0,0,0,0,1,54.938,Mn(L),j,"Liquid. Ref-Elm. Chase,1998 pp1571-4."
Molybdenum,Mo,Metals and alloys,cr,200,1000,16.435372,35.701373,-43.186659,19.559003,2.314,0.9963,95.94,Mo(cr),j,"Crystal. Ref-Elm. Chase,1998 pp1577-80."
Molybdenum,Mo,Metals and alloys,cr,1000,2200,25.438916,1.280054,1.124284,0.519843,0.021,1,95.94,Mo(cr),j,"Crystal. Ref-Elm. Chase,1998 pp1577-80."
Molybdenum,Mo,Metals and alloys,cr,2200,2896,-223.385058,323.931532,-138.269175,20.584246,0.362,0.99985,95.94,Mo(cr),j,"Crystal. Ref-Elm. Chase,1998 pp1577-80."
Molybdenum,Mo,Metals and alloys,L,2896,6000,37.655785,0,0,0,0,1,95.94,Mo(L),j,"Liquid. Ref-Elm. Chase,1998 pp1577-80."
MoO2,MoO2,Ceramics,cr,200,500,-9.44508,341.846162,-473.098693,210.153021,0.851,0.99968,127.9388,MoO2(cr),tpis82,"Monoclinic. Gurvich,1982 pt1 p27 pt2 p32."
MoO2,MoO2,Ceramics,cr,500,6000,67.520048,5.148914,7.86743,0.143233,3.537,0.99998,127.9388,MoO2(cr),tpis82,"Monoclinic. Gurvich,1982 pt1 p27 pt2 p32."
MoO3,MoO3,Ceramics,cr,200,500,-30.482925,699.58589,-1511.098069,1172.269855,1.67,0.99911,143.9382,MoO3(cr),tpis82,"Rhombic. Gurvich,1982 pt1 p30 pt2 p34."
MoO3,MoO3,Ceramics,cr,500,1075,58.609407,74.612719,-38.844589,13.242632,0.047,1,143.9382,MoO3(cr),tpis82,"Rhombic. Gurvich,1982 pt1 p30 pt2 p34."
MoO3,MoO3,Ceramics,L,1075,6000,126.999276,0,0,0,0,1,143.9382,MoO3(L),tpis82,"Liquid. Gurvich,1982 pt1 p30 pt2 p34."
NH4CL,NH4CL,Other technologically relevant materials,II,298.15,457.7,48.027355,15.240408,602.216475,-742.860132,0.028,1,53.4915,NH4CL(II),j,"Chase,1998 p765."
NH4CL,NH4CL,Other technologically relevant materials,III,457.7,1000,48.640069,46.744819,98.207323,-48.622291,0.288,0.99996,53.4915,NH4CL(III),j,"Chase,1998 p765."
NH4CL,NH4CL,Other technologically relevant materials,III,1000,1500,-90.583403,433.337293,-254.403364,55.947295,0.177,0.99994,53.4915,NH4CL(III),j,"Chase,1998 p765."
NH4F,NH4F,Other technologically relevant materials,cr,200,298.15,-0.310757,363.955852,-648.483383,556.110373,0.06,0.99999,37.0369,NH4F(cr),tpis89,"Hexagonal. Gurvich,1989 pt1 p388 pt2 p324."
NH4F,NH4F,Other technologically relevant materials,cr,298.15,511,12.999926,175.309001,0,0,0,1,37.0369,NH4F(cr),tpis89,"Hexagonal. Gurvich,1989 pt1 p388 pt2 p324."
NH4F,NH4F,Other technologically relevant materials,L,511,6000,112.999356,0,0,0,0,1,37.0369,NH4F(L),tpis89,"Liquid. Gurvich,1989 pt1 p388 pt2 p324."
Sodium,Na,Metals and alloys,cr,200,371.01,13.234111,135.971505,-507.045684,737.222936,0.178,0.99991,22.9898,Na(cr),coda89,"Cubic. Ref-Elm. Cox,1989 p254."
Sodium,Na,Metals and alloys,L,371.01,2300,37.172561,-17.737626,9.142876,0.224327,0.198,0.99999,22.9898,Na(L),coda89,"Liquid. Ref-Elm. Cox,1989 p254."
NaALO2,NaALO2,Ceramics,a,200,740,0.880236,386.063904,-576.101098,319.01572,1.226,0.99943,81.9701,NaALO2(a),j,"Alpha.Chase,1998 p131."
NaALO2,NaALO2,Ceramics,b,740,3000,88.05665,8.75769,7.252841,-1.855061,0.164,0.99996,81.9701,NaALO2(b),j,"Beta. Chase,1998 p131."
NaBO2,NaBO2,Ceramics,cr,200,500,10.510862,287.081834,-418.651751,265.808174,0.043,1,65.7996,NaBO2(cr),tpis82,"Hexagonal. Gurvich,1982 pt1 p357 pt2 p391."
NaBO2,NaBO2,Ceramics,cr,500,1239,37.953942,116.342887,-56.634073,5.245274,0.052,1,65.7996,NaBO2(cr),tpis82,"Hexagonal. Gurvich,1982 pt1 p357 pt2 p391."
NaBO2,NaBO2,Ceramics,L,1239,6000,144.999174,0,0,0,0,1,65.7996,NaBO2(L),tpis82,"Liquid. Gurvich,1982 pt1 p357 pt2 p391."
NaBr,NaBr,Other technologically relevant materials,cr,200,500,31.485302,141.639022,-342.323279,303.337414,0.396,0.9972,102.8938,NaBr(cr),tpis82,"Cubic. Gurvich,1982 pt1 p340 pt2 p378."
NaBr,NaBr,Other technologically relevant materials,cr,500,1020,46.479902,13.054362,7.313332,-2.581232,0.01,1,102.8938,NaBr(cr),tpis82,"Cubic. Gurvich,1982 pt1 p340 pt2 p378."
NaBr,NaBr,Other technologically relevant materials,L,1020,6000,67.999612,0,0,0,0,1,102.8938,NaBr(L),tpis82,"Liquid. Gurvich,1982 pt1 p340 pt2 p378."
NaCN,NaCN,Other technologically relevant materials,II,197.7,245.9,-433.69129,6868.734771,-31772.283499,49824.756646,0.526,0.99801,49.0072,NaCN(II),g,"Lambda trans@288.5K. Chase,1998(3/66) pp631-3. Messer,1941."
NaCN,NaCN,Other technologically relevant materials,II,245.9,273.1,-1654.309662,20801.066199,-84025.003239,114009.420628,0.316,0.99797,49.0072,NaCN(II),g,"Lambda trans@288.5K. Chase,1998(3/66) pp631-3. Messer,1941."
NaCN,NaCN,Other technologically relevant materials,II,273.1,284.2,-185919.700129,2013644.789471,-7268088.250132,8746480.10601,0.01,1,49.0072,NaCN(II),g,"Lambda trans@288.5K. Chase,1998(3/66) pp631-3. Messer,1941."
NaCN,NaCN,Other technologically relevant materials,II,284.2,286.3,1176170.469456,-10614595.566045,31033172.671647,-29011457.397715,0,1,49.0072,NaCN(II),g,"Lambda trans@288.5K. Chase,1998(3/66) pp631-3. Messer,1941."
NaCN,NaCN,Other technologically relevant materials,II,286.3,287.7,90503381.103055,-857155202.193589,2675805446.739367,-2745488170.758255,0.001,1,49.0072,NaCN(II),g,"Lambda trans@288.5K. Chase,1998(3/66) pp631-3. Messer,1941."
NaCN,NaCN,Other technologically relevant materials,II,287.7,288.5,-77743161.21705,746293121.09872,-2375080870.257462,2503798366.977815,0,1,49.0072,NaCN(II),g,"Lambda trans@288.5K. Chase,1998(3/66) pp631-3. Messer,1941."
NaCN,NaCN,Other technologically relevant materials,III,288.5,290.4,46479122.62906,-398063210.10113,1088633851.460965,-926422677.412799,0,1,49.0072,NaCN(III),g,"Lambda trans@288.5K. Chase,1998(3/66) pp631-3. Messer,1941."
NaCN,NaCN,Other technologically relevant materials,III,290.4,293.15,145703154.820795,-1486977939.898104,5058392368.951297,-5735782420.488902,0,1,49.0072,NaCN(III),g,"Lambda trans@288.5K. Chase,1998(3/66) pp631-3. Messer,1941."
NaCN,NaCN,Other technologically relevant materials,III,293.15,835,69.035607,0,0,0,0,1,49.0072,NaCN(III),g,"Lambda trans@288.5K. Chase,1998(3/66) pp631-3. Messer,1941."
NaCN,NaCN,Other technologically relevant materials,L,835,6000,79.495547,0,0,0,0,1,49.0072,NaCN(L),g,"Chase,1998(3/66) pp631-3. Messer,1941."
NaCL,NaCL,Other technologically relevant materials,cr,200,500,22.328079,207.558093,-512.902657,447.230147,0.34,0.99682,58.4428,NaCL(cr),tpis82,"Cubic. Gurvich,1982 pt1 p335 pt2 p374."
NaCL,NaCL,Other technologically relevant materials,cr,500,1074,47.526413,6.124093,12.239216,-0.37291,0.002,1,58.4428,NaCL(cr),tpis82,"Cubic. Gurvich,1982 pt1 p335 pt2 p374."
NaCL,NaCL,Other technologically relevant materials,L,1074,6000,67.899613,0,0,0,0,1,58.4428,NaCL(L),tpis82,"Liquid. Gurvich,1982 pt1 p335 pt2 p374."
NaF,NaF,Other technologically relevant materials,cr,200,500,26.552036,81.977763,-26.911629,-62.624985,1.423,0.99825,41.9882,NaF(cr),tpis82,"Cubic. Gurvich,1982 pt1 p330 pt2 p370."
NaF,NaF,Other technologically relevant materials,cr,500,1269,45.541901,19.598857,-13.448381,9.658952,0.175,0.99996,41.9882,NaF(cr),tpis82,"Cubic. Gurvich,1982 pt1 p330 pt2 p370."
NaF,NaF,Other technologically relevant materials,L,1269,6000,70.099601,0,0,0,0,1,41.9882,NaF(L),tpis82,"Liquid. Gurvich,1982 pt1 p330 pt2 p370."
NaH,NaH,Other technologically relevant materials,cr,200,500,0.518101,186.172202,-272.032847,171.986592,0.092,0.99999,23.9977,NaH(cr),tpis82,"Cubic. Gurvich,1982 pt1 p324 pt2 p365."
NaH,NaH,Other technologically relevant materials,cr,500,911,20.47174,67.258631,-34.511205,13.099895,0.023,1,23.9977,NaH(cr),tpis82,"Cubic. Gurvich,1982 pt1 p324 pt2 p365."
NaH,NaH,Other technologically relevant materials,L,911,6000,55.999681,0,0,0,0,1,23.9977,NaH(L),tpis82,"Liquid. Gurvich,1982 pt1 p324 pt2 p365."
NaI,NaI,Other technologically relevant materials,cr,200,500,34.878453,123.850475,-307.647765,285.835061,0.402,0.99662,149.8942,NaI(cr),tpis82,"Cubic. Gurvich,1982 pt1 p343 pt2 p381."
NaI,NaI,Other technologically relevant materials,cr,500,934,47.008572,10.655822,15.484701,-5.785466,0.011,1,149.8942,NaI(cr),tpis82,"Cubic. Gurvich,1982 pt1 p343 pt2 p381."
NaI,NaI,Other technologically relevant materials,L,934,6000,66.999618,0,0,0,0,1,149.8942,NaI(L),tpis82,"Liquid. Gurvich,1982 pt1 p343 pt2 p381."
NaNO2,NaNO2,Other technologically relevant materials,I,298.15,400,510.713862,-3666.034536,9490.231679,-7257.368134,0.059,1,68.9953,NaNO2(I),tpis82,"Rhombic. Gurvich,1982 pt1 p350 pt2 p386."
NaNO2,NaNO2,Other technologically relevant materials,I,400,436.7,4505.978321,-16616.665303,0,34984.182636,0,1,68.9953,NaNO2(I),tpis82,"Rhombic. Gurvich,1982 pt1 p350 pt2 p386."
NaNO2,NaNO2,Other technologically relevant materials,I',436.7,557,132.999242,0,0,0,0,1,68.9953,NaNO2(I'),tpis82,"Rhombic. Gurvich,1982 pt1 p350 pt2 p386."
NaNO2,NaNO2,Other technologically relevant materials,L,557,6000,99.99943,0,0,0,0,1,68.9953,NaNO2(L),tpis82,"Liquid. Gurvich,1982 pt1 p350 pt2 p386."
NaNO3,NaNO3,Other technologically relevant materials,a,200,500,-19.515621,818.790076,-2226.593218,2523.569845,3.227,0.99224,84.9947,NaNO3(a),tpis82,"Hexagonal. Gurvich,1982 pt1 p353 pt2 p388."
NaNO3,NaNO3,Other technologically relevant materials,a,500,549,222.88873,-1457.751692,2631.945001,0,0,1,84.9947,NaNO3(a),tpis82,"Hexagonal. Gurvich,1982 pt1 p353 pt2 p388."
NaNO3,NaNO3,Other technologically relevant materials,b,549,579.6,139.999202,0,0,0,0,1,84.9947,NaNO3(b),tpis82,"Hexagonal. Gurvich,1982 pt1 p353 pt2 p388."
NaNO3,NaNO3,Other technologically relevant materials,L,579.6,6000,140.999196,0,0,0,0,1,84.9947,NaNO3(L),tpis82,"Liquid. Gurvich,1982 pt1 p353 pt2 p388."
NaOH,NaOH,Other technologically relevant materials,a,100,298.15,-18.366849,628.08986,-1869.916504,2149.990167,0.538,0.99996,39.9971,NaOH(a),g,"Alpha. Gurvich,1996b."
NaOH,NaOH,Other technologically relevant materials,a,298.15,514,-223.690939,2248.835621,-5940.810754,5299.027377,0.651,0.99953,39.9971,NaOH(a),g,"Alpha. Gurvich,1996b."
NaOH,NaOH,Other technologically relevant materials,b,514,568,79.999544,0,0,0,0,1,39.9971,NaOH(b),g,"Beta. Gurvich,1996b."
NaOH,NaOH,Other technologically relevant materials,c,568,594,85.99951,0,0,0,0,1,39.9971,NaOH(c),g,"Gamma. Gurvich,1996b."
NaOH,NaOH,Other technologically relevant materials,L,594,1000,89.612489,-5.912966,0,0,0,1,39.9971,NaOH(L),g,"Liquid. Gurvich,1996b."
NaOH,NaOH,Other technologically relevant materials,L,1000,6000,83.699523,0,0,0,0,1,39.9971,NaOH(L),g,"Liquid. Gurvich,1996b."
NaO2,NaO2,Other technologically relevant materials,cr,223.3,825,62.701643,31.62282,0,0,0,1,54.9886,NaO2(cr),g10/99,"Cubic. Gurvich,1982 pt1 p319 pt2 p359.Chase,1998 p1646 6/63."
NaO2,NaO2,Other technologically relevant materials,L,825,6000,99.99943,0,0,0,0,1,54.9886,NaO2(L),g10/99,"Liq. Gurvich,1982 pt1 p319 pt2 p359.Chase,1998 p1646 6/63."
Na2CO3,Na2CO3,Other technologically relevant materials,a,200,623,45.587477,294.929225,-307.171064,227.874263,2.18,0.99964,105.9884,Na2CO3(a),tpis82,"Alpha,monoclinic. Gurvich,1982 pt1 p356 pt2 p390."
Na2CO3,Na2CO3,Other technologically relevant materials,b,623,752,64.117635,161.603079,0,0,0,1,105.9884,Na2CO3(b),tpis82,"Beta,monoclinic. Gurvich,1982 pt1 p356 pt2 p390."
Na2CO3,Na2CO3,Other technologically relevant materials,c,752,1131,36.83579,136.79922,0,0,0,1,105.9884,Na2CO3(c),tpis82,"Gamma,hexagonal. Gurvich,1982 pt1 p356 pt2 p390."
Na2CO3,Na2CO3,Other technologically relevant materials,L,1131,6000,194.998889,0,0,0,0,1,105.9884,Na2CO3(L),tpis82,"Liquid. Gurvich,1982 pt1 p356 pt2 p390."
Na2O,Na2O,Other technologically relevant materials,c,200,500,10.214552,388.50943,-837.738482,661.488333,0.275,0.99958,61.9789,Na2O(c),tpis82,"Gamma. Gurvich,1982 pt1 p320 pt2 p360."
Na2O,Na2O,Other technologically relevant materials,c,500,1023,57.608389,49.59643,-23.708589,8.356275,0.021,1,61.9789,Na2O(c),tpis82,"Gamma. Gurvich,1982 pt1 p320 pt2 p360."
Na2O,Na2O,Other technologically relevant materials,b,1023,1243,99.99943,0,0,0,0,1,61.9789,Na2O(b),tpis82,"Beta. Gurvich,1982 pt1 p320 pt2 p360."
Na2O,Na2O,Other technologically relevant materials,a,1243,1405,99.99943,0,0,0,0,1,61.9789,Na2O(a),tpis82,"Alpha. Gurvich,1982 pt1 p320 pt2 p360."
Na2O,Na2O,Other technologically relevant materials,L,1405,6000,99.99943,0,0,0,0,1,61.9789,Na2O(L),tpis82,"Liquid. Gurvich,1982 pt1 p320 pt2 p360."
Na2O2,Na2O2,Other technologically relevant materials,b,200,500,14.965158,450.247792,-861.306828,630.690609,0.396,0.99992,77.9783,Na2O2(b),tpis82,"Beta. Gurvich,1982 pt1 p323 pt2 p363."
Na2O2,Na2O2,Other technologically relevant materials,b,500,785,65.236543,109.562401,-83.646047,34.816396,0.007,1,77.9783,Na2O2(b),tpis82,"Beta. Gurvich,1982 pt1 p323 pt2 p363."
Na2O2,Na2O2,Other technologically relevant materials,a,785,948,112.999356,0,0,0,0,1,77.9783,Na2O2(a),tpis82,"Alpha. Gurvich,1982 pt1 p323 pt2 p363."
Na2O2,Na2O2,Other technologically relevant materials,L,948,6000,133.999236,0,0,0,0,1,77.9783,Na2O2(L),tpis82,"Liquid. Gurvich,1982 pt1 p323 pt2 p363."
Na2S,Na2S,Other technologically relevant materials,cr,298.15,700,78.844644,12.472497,3.981682,-2.440137,0.063,0.99996,78.0445,Na2S(cr),j,"Below lambda trans. Chase,1998 pp1667-9."
Na2S,Na2S,Other technologically relevant materials,cr,700,1276,-1039.991689,3996.472955,-4685.918738,1822.526236,2.405,0.99843,78.0445,Na2S(cr),j,"Below lambda trans. Chase,1998 pp1667-9."
Na2S,Na2S,Other technologically relevant materials,cr,1276,1445,22998.465021,-44963.619186,29370.33847,-6369.559682,0.045,1,78.0445,Na2S(cr),j,"Above lambda trans. Chase,1998 pp1667-9."
Na2S,Na2S,Other technologically relevant materials,L,1445,6000,92.047475,0,0,0,0,1,78.0445,Na2S(L),j,"Chase,1998 pp1667-9."
Na2SO3,Na2SO3,Other technologically relevant materials,cr,298.15,1184,107.272665,43.513835,0,0,0,1,126.0427,Na2SO3(cr),bar,"Crystal. Barin,1989 pt2 p1002."
Na2SO3,Na2SO3,Other technologically relevant materials,L,1184,6000,182.002963,0,0,0,0,1,126.0427,Na2SO3(L),bar,"Liquid. Barin,1989 pt2 p1002."
Na2SO4,Na2SO4,Other technologically relevant materials,V,200,458,32.244624,485.691985,-678.149424,426.470449,0.151,0.99999,142.0421,Na2SO4(V),tpis82,"Rhombic. Gurvich,1982 pt1 p346 pt2 p384."
Na2SO4,Na2SO4,Other technologically relevant materials,IV,458,514,57.417037,321.888897,-327.078391,179.495895,0,1,142.0421,Na2SO4(IV),tpis82,"Rhombic. Gurvich,1982 pt1 p346 pt2 p384."
Na2SO4,Na2SO4,Other technologically relevant materials,I,514,1157,208.116814,-131.470251,132.352246,0,0,1,142.0421,Na2SO4(I),tpis82,"Hexagonal. Gurvich,1982 pt1 p346 pt2 p384."
Na2SO4,Na2SO4,Other technologically relevant materials,L,1157,6000,203.998837,0,0,0,0,1,142.0421,Na2SO4(L),tpis82,"Liquid. Gurvich,1982 pt1 p346 pt2 p384."
Na3ALF6,Na3ALF6,Other technologically relevant materials,a,200,500,-25.260043,1617.373161,-3574.007227,2882.198652,0.395,0.99936,209.9413,Na3ALF6(a),tpis82,"Monoclinic. Gurvich,1982 pt1 p361 pt2 p394."
Na3ALF6,Na3ALF6,Other technologically relevant materials,a,500,838,164.149599,209.646052,-98.369148,39.334544,0.006,1,209.9413,Na3ALF6(a),tpis82,"Monoclinic. Gurvich,1982 pt1 p361 pt2 p394."
Na3ALF6,Na3ALF6,Other technologically relevant materials,b,838,1286,218.194757,66.357622,0,0,0,1,209.9413,Na3ALF6(b),tpis82,"Cubic. Gurvich,1982 pt1 p361 pt2 p394."
Na3ALF6,Na3ALF6,Other technologically relevant materials,L,1286,6000,390.997772,0,0,0,0,1,209.9413,Na3ALF6(L),tpis82,"Liquid. Gurvich,1982 pt1 p361 pt2 p394."
Na5AL3F14,Na5AL3F14,Other technologically relevant materials,cr,200,500,21.645466,2590.70736,-4786.87612,3243.714233,0.91,0.9998,461.8711,Na5AL3F14(cr),tpis82,"Tetragonal. Gurvich,1982 pt1 p362 pt2 p395."
Na5AL3F14,Na5AL3F14,Other technologically relevant materials,cr,500,1010,362.145256,494.81838,-408.765205,145.206266,0.054,0.99998,461.8711,Na5AL3F14(cr),tpis82,"Tetragonal. Gurvich,1982 pt1 p362 pt2 p395."
Na5AL3F14,Na5AL3F14,Other technologically relevant materials,L,1010,6000,973.994449,0,0,0,0,1,461.8711,Na5AL3F14(L),tpis82,"Liquid. Gurvich,1982 pt1 p362 pt2 p395."
Niobium,Nb,Metals and alloys,cr,200,1000,20.17901,21.023891,-24.742825,11.652726,1.717,0.99547,92.9064,Nb(cr),j12/73,"Crystal. Ref-Elm. Chase,1998 pp1675-8."
Niobium,Nb,Metals and alloys,cr,1000,2000,23.219081,7.656471,-4.414637,1.57449,0.131,0.99986,92.9064,Nb(cr),j12/73,"Crystal. Ref-Elm. Chase,1998 pp1675-8."
Niobium,Nb,Metals and alloys,cr,2000,2750,-99.831878,173.10246,-77.900183,12.325625,0.157,0.99998,92.9064,Nb(cr),j12/73,"Crystal. Ref-Elm. Chase,1998 pp1675-8."
Niobium,Nb,Metals and alloys,L,2750,6000,33.471809,0,0,0,0,1,92.9064,Nb(L),j12/73,"Liquid. Ref-Elm. Chase,1998 pp1675-8."
NbO,NbO,Ceramics,cr,298.15,2217,35.825924,23.016894,-8.906971,1.955771,2.313,0.99904,108.9058,NbO(cr),tpis82,"Cubic. Gurvich,1982 pt1 p75 pt2 p77."
NbO,NbO,Ceramics,L,2217,6000,64.99963,0,0,0,0,1,108.9058,NbO(L),tpis82,"Liquid. Gurvich,1982 pt1 p75 pt2 p77."
NbO2,NbO2,Ceramics,II,200,500,-8.821695,388.557632,-683.526009,430.636053,0.308,0.99981,124.9052,NbO2(II),tpis82,"Tetragonal. Gurvich,1982 pt1 p78 pt2 p80."
NbO2,NbO2,Ceramics,II,500,1082,56.924827,24.967028,-17.550994,28.504407,0.136,0.99999,124.9052,NbO2(II),tpis82,"Tetragonal. Gurvich,1982 pt1 p78 pt2 p80."
NbO2,NbO2,Ceramics,I,1082,2360,77.270894,11.348643,-4.484682,0.699761,0.029,0.99993,124.9052,NbO2(I),tpis82,"Tetragonal. Gurvich,1982 pt1 p78 pt2 p80."
NbO2,NbO2,Ceramics,L,2360,6000,99.99943,0,0,0,0,1,124.9052,NbO2(L),tpis82,"Liquid. Gurvich,1982 pt1 p78 pt2 p80."
Nb2O5,Nb2O5,Ceramics,cr,200,500,-51.551341,1254.072516,-2843.83451,2339.04946,1.267,0.99758,265.8098,Nb2O5(cr),tpis82,"Monoclinic. Gurvich,1982 pt1 p81 pt2 p82."
Nb2O5,Nb2O5,Ceramics,cr,500,1783,96.553474,199.74774,-183.511012,60.211951,1.406,0.99456,265.8098,Nb2O5(cr),tpis82,"Monoclinic. Gurvich,1982 pt1 p81 pt2 p82."
Nb2O5,Nb2O5,Ceramics,L,1783,6000,199.99886,0,0,0,0,1,265.8098,Nb2O5(L),tpis82,"Liquid. Gurvich,1982 pt1 p81 pt2 p82."
Nickel,Ni,Metals and alloys,cr,200,400,8.922227,96.663131,-169.801818,124.94623,0.271,0.9998,58.6934,Ni(cr),j12/76,"Crystal Ref-Elm. <lambda trans 631K. Chase,1998 pp1697-700."
Nickel,Ni,Metals and alloys,cr,400,631,-113.388919,877.79947,-1823.105211,1289.313064,3.233,0.9788,58.6934,Ni(cr),j12/76,"Crystal Ref-Elm. <lambda trans 631K. Chase,1998 pp1697-700."
Nickel,Ni,Metals and alloys,cr,631,773.25,3342.173616,-13469.442269,18246.172265,-8232.409356,0.681,0.99869,58.6934,Ni(cr),j12/76,"Crystal Ref-Elm. >lambda trans 631K. Chase,1998 pp1697-700."
Nickel,Ni,Metals and alloys,cr,773.25,915.5,-138.332773,573.949889,-652.050169,248.819751,0.023,0.99994,58.6934,Ni(cr),j12/76,"Crystal Ref-Elm. >lambda trans 631K. Chase,1998 pp1697-700."
Nickel,Ni,Metals and alloys,cr,915.5,1200,-51.644681,220.014797,-195.849619,59.700612,0.489,0.99216,58.6934,Ni(cr),j12/76,"Crystal Ref-Elm. >lambda trans 631K. Chase,1998 pp1697-700."
Nickel,Ni,Metals and alloys,cr,1200,1728,22.656244,10.751337,-2.542012,0.953767,0.391,0.99954,58.6934,Ni(cr),j12/76,"Crystal Ref-Elm. >lambda trans 631K. Chase,1998 pp1697-700."
Nickel,Ni,Metals and alloys,L,1728,6000,38.910778,0,0,0,0,1,58.6934,Ni(L),j12/76,"Liquid. Ref-Elm. Chase,1998 pp1697-700."
NiS,NiS,Other technologically relevant materials,b,200,652,18.24426,162.154387,-273.541612,176.652999,1.284,0.99872,90.7584,NiS(b),j12/76,"Beta. Chase,1998 pp1704-6."
NiS,NiS,Other technologically relevant materials,a,652,1249,34.710336,28.07767,0.397534,-0.135474,0.006,1,90.7584,NiS(a),j12/76,"ALpha. Chase,1998 pp1704-6."
NiS,NiS,Other technologically relevant materials,L,1249,6000,76.775562,0,0,0,0,1,90.7584,NiS(L),j12/76,"Liquid. Chase,1998 pp1704-6."
NiS2,NiS2,Other technologically relevant materials,cr,298.15,1280,64.439727,20.743139,0.011426,-0.004345,0.001,1,122.8234,NiS2(cr),j,"Crystal. Chase,1998 pp1708-10."
NiS2,NiS2,Other technologically relevant materials,L,1280,6000,91.001481,0,0,0,0,1,122.8234,NiS2(L),j,"Liquid. Chase,1998 pp1708-10."
Ni3S2,Ni3S2,Other technologically relevant materials,a,200,834,47.718239,379.406212,-599.279605,370.488393,1.166,0.99971,240.2102,Ni3S2(a),g12/00,"Alpha. Pankratz,1987 p225-6. Chase,1998 pp1711-3 12/83."
Ni3S2,Ni3S2,Other technologically relevant materials,b,834,1064,216.839545,-26.718979,-4.763378,2.24788,0,1,240.2102,Ni3S2(b),g12/00,"Beta. Pankratz,1987 p225-6."
Ni3S2,Ni3S2,Other technologically relevant materials,L,1064,6000,189.115722,0,0,0,0,1,240.2102,Ni3S2(L),g12/00,"Liquid. Pankratz,1987 p225-6."
Ni3S4,Ni3S4,Other technologically relevant materials,cr,298.15,1100,121.976387,143.640321,0.045372,-0.026686,0,1,304.3402,Ni3S4(cr),j,"Crystal. Chase,1998 p1714."
Phosphorus,P,Semiconductors,cr,195.4,317.3,14.324568,34.253173,9.442883,-58.611409,0.086,0.99999,30.9738,P(cr),tpis89,"White. Ref-Elm. Gurvich,1989 pt1 p395 pt2 p326. Chase,1998a."
Phosphorus,P,Semiconductors,L,317.3,6000,26.119851,0,0,0,0,1,30.9738,P(L),tpis89,"Liquid. Ref-Elm. Gurvich,1989 pt1 p395 pt2 p326."
P4O10,P4O10,Other technologically relevant materials,cr,100,298.15,-40.928682,1515.873787,-3683.375912,4998.443606,1.312,0.99995,283.889,P4O10(cr),tpis89,"Crystal. Gurvich,1989 pt1 p417 pt2 p270."
P4O10,P4O10,Other technologically relevant materials,cr,298.15,699,45.412741,671.656172,-338.59807,0,0,1,283.889,P4O10(cr),tpis89,"Crystal. Gurvich,1989 pt1 p417 pt2 p270."
P4O10,P4O10,Other technologically relevant materials,L,699,6000,369.997891,0,0,0,0,1,283.889,P4O10(L),tpis89,"Liquid. Gurvich,1989 pt1 p417 pt2 p270."
Lead,Pb,Metals and alloys,cr,200,600.65,25.242612,-2.338515,32.124028,-26.385841,0.304,0.99923,207.2,Pb(cr),tpis91,"Cubic. Ref-Elm. Gurvich,1991 pt1 p400 pt2 p337."
Lead,Pb,Metals and alloys,L,600.65,3600,34.667001,-8.363492,3.346767,-0.3348,0.496,0.99914,207.2,Pb(L),tpis91,"Liquid. Ref-Elm. Gurvich,1991 pt1 p400 pt2 p337."
PbBr2,PbBr2,Other technologically relevant materials,cr,100,298.15,54.590411,162.930642,-265.358613,0,0,1,367.008,PbBr2(cr),tpis91,"Rhombic Crystal. Gurvich,1991 pt1 p435 pt2 p361."
PbBr2,PbBr2,Other technologically relevant materials,cr,298.15,644,92.849346,-108.860163,258.666825,-147.427522,0.126,0.99993,367.008,PbBr2(cr),tpis91,"Rhombic Crystal. Gurvich,1991 pt1 p435 pt2 p361."
PbBr2,PbBr2,Other technologically relevant materials,L,644,6000,111.999362,0,0,0,0,1,367.008,PbBr2(L),tpis91,"Liquid. Gurvich,1991 pt1 p435 pt2 p361."
PbCL2,PbCL2,Other technologically relevant materials,cr,200,774,43.965335,174.404786,-265.234216,150.294401,1.061,0.99477,278.106,PbCL2(cr),tpis91,"Rhombic Crystal. Gurvich,1991 pt1 p428 pt2 p356."
PbCL2,PbCL2,Other technologically relevant materials,L,774,6000,110.999367,0,0,0,0,1,278.106,PbCL2(L),tpis91,"Liquid. Gurvich,1991 pt1 p428 pt2 p356."
PbF2,PbF2,Other technologically relevant materials,II,298.15,583,65.681503,8.802496,54.167366,-32.958009,0.015,1,245.1968,PbF2(II),tpis91,"Rhombic Crystal(II). Gurvich,1991 pt1 p421 pt2 p351."
PbF2,PbF2,Other technologically relevant materials,I,583,716,-6086.519769,28398.329763,-43990.711844,23034.739852,0.24,0.99999,245.1968,PbF2(I),tpis91,"Cubic Crystal(I). Gurvich,1991 pt1 p421 pt2 p351."
PbF2,PbF2,Other technologically relevant materials,I,716,1103,2409.123024,-6733.322803,6450.758562,-2033.651458,0.723,0.99954,245.1968,PbF2(I),tpis91,"Cubic Crystal(I). Gurvich,1991 pt1 p421 pt2 p351."
PbF2,PbF2,Other technologically relevant materials,L,1103,6000,108.999379,0,0,0,0,1,245.1968,PbF2(L),tpis91,"Liquid. Gurvich,1991 pt1 p421 pt2 p351."
PbI2,PbI2,Other technologically relevant materials,cr,100,298.15,54.679973,225.793267,-837.275068,1136.205566,0.332,0.99909,461.0089,PbI2(cr),tpis91,"Hexagonal Crystal. Gurvich,1991 pt1 p441 pt2 p366."
PbI2,PbI2,Other technologically relevant materials,cr,298.15,683,82.749011,-48.928332,125.544084,-68.779319,0.091,0.99994,461.0089,PbI2(cr),tpis91,"Hexagonal Crystal. Gurvich,1991 pt1 p441 pt2 p366."
PbI2,PbI2,Other technologically relevant materials,L,683,6000,108.999379,0,0,0,0,1,461.0089,PbI2(L),tpis91,"Liquid. Gurvich,1991 pt1 p441 pt2 p366."
PbO,PbO,Ceramics,II-r,100,298.15,6.693662,239.870431,-357.701327,0,0,1,223.1994,PbO(II-r),tpis91,"Tetragonal (II-red).Gurvich,1991 pt1 p409 pt2 p343."
PbO,PbO,Ceramics,II-r,298.15,762,38.568275,30.136044,-14.896513,7.568225,0.035,1,223.1994,PbO(II-r),tpis91,"Tetragonal (II-red).Gurvich,1991 pt1 p409 pt2 p343."
PbO,PbO,Ceramics,I-y,762,1160,41.781701,19.980067,-5.28359,1.469235,0.001,1,223.1994,PbO(I-y),tpis91,"Rhombic (I-yellow).Gurvich,1991 pt1 p409 pt2 p343."
PbO,PbO,Ceramics,L,1160,6000,64.99963,0,0,0,0,1,223.1994,PbO(L),tpis91,"Liquid.Gurvich,1991 pt1 p409 pt2 p343."
PbO2,PbO2,Ceramics,cr,100,298.15,0.837707,335.532434,-448.627683,0,0,1,239.1988,PbO2(cr),tpis91,"Tetragonal. Gurvich,1991 pt1 p415 p52 p346."
PbO2,PbO2,Ceramics,cr,298.15,1000,8.298925,265.122833,-320.492548,133.735181,2.302,0.99668,239.1988,PbO2(cr),tpis91,"Tetragonal. Gurvich,1991 pt1 p415 p52 p346."
PbS,PbS,Other technologically relevant materials,cr,100,298.15,15.994047,362.445273,-1405.017497,1906.64784,0.98,0.99831,239.265,PbS(cr),tpis91,"Cubic. Gurvich,1991 pt1 p445 p52 p370."
PbS,PbS,Other technologically relevant materials,cr,298.15,1386.5,44.633213,27.119663,-31.366654,14.499403,1.649,0.99444,239.265,PbS(cr),tpis91,"Cubic. Gurvich,1991 pt1 p445 p52 p370."
PbS,PbS,Other technologically relevant materials,L,1386.5,6000,66.999618,0,0,0,0,1,239.265,PbS(L),tpis91,"Liquid. Gurvich,1991 pt1 p445 p52 p370."
Pb2O3,Pb2O3,Ceramics,cr,100,298.15,13.095008,551.5557,-785.670654,0,0,1,462.3982,Pb2O3(cr),tpis91,"Monoclinic. Gurvich,1991 pt1 p417 pt2 p348."
Pb2O3,Pb2O3,Ceramics,cr,298.15,1000,28.428951,378.84677,-409.683424,170.952763,1.666,0.99915,462.3982,Pb2O3(cr),tpis91,"Monoclinic. Gurvich,1991 pt1 p417 pt2 p348."
Pb3O4,Pb3O4,Ceramics,cr,200,400,576.026036,-5028.960476,17669.88449,-18940.371415,3.455,0.99611,685.5976,Pb3O4(cr),tpis91,"Tetragonal. Gurvich,1991 pt1 p418 pt2 p349."
Pb3O4,Pb3O4,Ceramics,cr,400,600,-114.492875,1450.261614,-2283.449891,1276.524252,0.033,0.99999,685.5976,Pb3O4(cr),tpis91,"Tetragonal. Gurvich,1991 pt1 p418 pt2 p349."
Pb3O4,Pb3O4,Ceramics,cr,600,1000,85.126085,368.786574,-339.47914,115.77709,0.08,0.99991,685.5976,Pb3O4(cr),tpis91,"Tetragonal. Gurvich,1991 pt1 p418 pt2 p349."
Rubidium,Rb,Metals and alloys,cr,100,312.47,21.898168,63.847925,-331.171125,739.231797,0.982,0.99528,85.4678,Rb(cr),coda89,"Cubic. Ref-Elm. Cox,1989 p260. Chase,1998a p1849 12/83."
Rubidium,Rb,Metals and alloys,L,312.47,1000,37.112924,-27.147649,34.267366,-12.862143,0.683,0.97163,85.4678,Rb(L),coda89,"Liquid. Ref-Elm. Cox,1989 p260."
Rubidium,Rb,Metals and alloys,L,1000,2100,25.113123,17.590924,-21.822066,10.589045,0.015,1,85.4678,Rb(L),coda89,"Liquid. Ref-Elm. Cox,1989 p260."
RbBO2,RbBO2,Ceramics,b,200,500,-8.647549,469.72265,-809.72774,523.123458,0.983,0.99984,128.2776,RbBO2(b),tpis82,"Gurvich,1982 pt1 p458 pt2 p482."
RbBO2,RbBO2,Ceramics,b,500,968,51.317892,108.440306,-79.664287,29.090179,0.045,0.99999,128.2776,RbBO2(b),tpis82,"Gurvich,1982 pt1 p458 pt2 p482."
RbBO2,RbBO2,Ceramics,a,968,1133,107.999385,0,0,0,0,1,128.2776,RbBO2(a),tpis82,"Gurvich,1982 pt1 p458 pt2 p482."
RbBO2,RbBO2,Ceramics,L,1133,6000,144.999174,0,0,0,0,1,128.2776,RbBO2(L),tpis82,"Gurvich,1982 pt1 p458 pt2 p482."
RbBr,RbBr,Other technologically relevant materials,cr,200,965,49.238851,10.704916,5.074622,-2.578369,0.152,0.99991,165.3718,RbBr(cr),tpis82,"Cubic. Gurvich,1982 pt1 p445 pt2 p469."
RbBr,RbBr,Other technologically relevant materials,L,965,6000,72.799585,0,0,0,0,1,165.3718,RbBr(L),tpis82,"Liquid. Gurvich,1982 pt1 p445 pt2 p469."
RbCL,RbCL,Other technologically relevant materials,cr,200,997,46.228474,24.22611,-18.468385,9.202212,1.188,0.99853,120.9208,RbCL(cr),tpis82,"Cubic. Gurvich,1982 pt1 p441 pt2 p466."
RbCL,RbCL,Other technologically relevant materials,L,997,6000,73.399582,0,0,0,0,1,120.9208,RbCL(L),tpis82,"Liquid. Gurvich,1982 pt1 p441 pt2 p466."
RbF,RbF,Other technologically relevant materials,cr,298.15,1068,43.893007,20.889921,6.025439,-2.392719,0.071,1,104.4662,RbF(cr),tpis82,"Cubic. Gurvich,1982 pt1 p438 pt2 p463."
RbF,RbF,Other technologically relevant materials,L,1068,6000,70.999595,0,0,0,0,1,104.4662,RbF(L),tpis82,"Liquid. Gurvich,1982 pt1 p438 pt2 p463."
RbH,RbH,Other technologically relevant materials,cr,298.15,858,13.961147,114.101654,-110.479754,51.591771,0.577,0.99991,86.4757,RbH(cr),tpis82,"Cubic. Gurvich,1982 pt1 p434 pt2 p458."
RbH,RbH,Other technologically relevant materials,L,858,6000,55.999681,0,0,0,0,1,86.4757,RbH(L),tpis82,"Liquid. Gurvich,1982 pt1 p434 pt2 p458."
RbI,RbI,Other technologically relevant materials,cr,200,929,53.714218,-18.446099,54.969736,-23.80393,1.048,0.99941,212.3723,RbI(cr),tpis82,"Cubic. Gurvich,1982 pt1 p448 pt2 p472."
RbI,RbI,Other technologically relevant materials,L,929,6000,72.099589,0,0,0,0,1,212.3723,RbI(L),tpis82,"Liquid. Gurvich,1982 pt1 p448 pt2 p472."
RbNO2,RbNO2,Other technologically relevant materials,I,298.15,695,75.735568,27.717842,0,0,0,1,131.4733,RbNO2(I),tpis82,"Cubic. Gurvich,1982 pt1 p453 pt2 p477."
RbNO2,RbNO2,Other technologically relevant materials,L,695,6000,103.999407,0,0,0,0,1,131.4733,RbNO2(L),tpis82,"Liquid. Gurvich,1982 pt1 p453 pt2 p477."
RbNO3,RbNO3,Other technologically relevant materials,IV,200,437,-64.558073,1293.238048,-3608.929292,3711.2838,2.834,0.99785,147.4727,RbNO3(IV),tpis82,"Hexagonal. Gurvich,1982 pt1 p455 pt2 p479."
RbNO3,RbNO3,Other technologically relevant materials,III,437,493,75.832568,136.666221,0,0,0,1,147.4727,RbNO3(III),tpis82,"Cubic. Gurvich,1982 pt1 p455 pt2 p479."
RbNO3,RbNO3,Other technologically relevant materials,II,493,556,896.81189,-2346.14363,0,3261.104416,0,1,147.4727,RbNO3(II),tpis82,"Hexagonal. Gurvich,1982 pt1 p455 pt2 p479."
RbNO3,RbNO3,Other technologically relevant materials,I,556,583,145.999168,0,0,0,0,1,147.4727,RbNO3(I),tpis82,"Cubic. Gurvich,1982 pt1 p455 pt2 p479."
RbNO3,RbNO3,Other technologically relevant materials,L,583,6000,145.999168,0,0,0,0,1,147.4727,RbNO3(L),tpis82,"Liquid. Gurvich,1982 pt1 p455 pt2 p479."
RbOH,RbOH,Other technologically relevant materials,b,298.15,508,54.791688,47.652728,0,0,0,1,102.4751,RbOH(b),g,"Beta. Gurvich,1997."
RbOH,RbOH,Other technologically relevant materials,c,508,658,75.999567,0,0,0,0,1,102.4751,RbOH(c),g,"Gamma. Gurvich,1997."
RbOH,RbOH,Other technologically relevant materials,L,658,6000,85.99951,0,0,0,0,1,102.4751,RbOH(L),g,"Liquid. Gurvich,1997."
RbO2,RbO2,Other technologically relevant materials,b,200,423,48.871276,122.83485,-129.752083,137.911906,0.278,0.99993,117.4666,RbO2(b),tpis82,"Beta,hexagonal. Gurvich,1982 pt1 p430 pt2 p453."
RbO2,RbO2,Other technologically relevant materials,a,423,813,87.999499,0,0,0,0,1,117.4666,RbO2(a),tpis82,"Alpha,cubic. Gurvich,1982 pt1 p430 pt2 p453."
RbO2,RbO2,Other technologically relevant materials,L,813,6000,99.99943,0,0,0,0,1,117.4666,RbO2(L),tpis82,"Liquid. Gurvich,1982 pt1 p430 pt2 p453."
Rb2CO3,Rb2CO3,Other technologically relevant materials,a,200,576,76.816481,115.074315,94.813035,-70.76608,0.212,0.99999,230.9445,Rb2CO3(a),tpis82,"Alpha,monoclinic. Gurvich,1982 pt1 p457 pt2 p481."
Rb2CO3,Rb2CO3,Other technologically relevant materials,b,576,1146,112.717358,68.851608,0,0,0,1,230.9445,Rb2CO3(b),tpis82,"Beta,hexagonal. Gurvich,1982 pt1 p457 pt2 p481."
Rb2CO3,Rb2CO3,Other technologically relevant materials,L,1146,6000,204.998832,0,0,0,0,1,230.9445,Rb2CO3(L),tpis82,"Liquid. Gurvich,1982 pt1 457 pt2 p481."
Rb2O,Rb2O,Other technologically relevant materials,c,298.15,543,51.472707,75.555569,0,0,0,1,186.935,Rb2O(c),tpis82,"Gamma,cubic. Gurvich,1982 pt1 p431 pt2 p454."
Rb2O,Rb2O,Other technologically relevant materials,b,543,613,99.99943,0,0,0,0,1,186.935,Rb2O(b),tpis82,"Beta,cubic. Gurvich,1982 pt1 p431 pt2 p454."
Rb2O,Rb2O,Other technologically relevant materials,a,613,778,99.99943,0,0,0,0,1,186.935,Rb2O(a),tpis82,"Alpha,hexagonal. Gurvich,1982 pt1 p431 pt2 p454."
Rb2O,Rb2O,Other technologically relevant materials,L,778,6000,99.99943,0,0,0,0,1,186.935,Rb2O(L),tpis82,"Liquid. Gurvich,1982 pt1 p431 pt2 p454."
Rb2O2,Rb2O2,Other technologically relevant materials,b,298.15,398,21.335878,240.35963,0,0,0,1,202.9344,Rb2O2(b),tpis82,"Beta,rhombic Gurvich,1982 pt1 p433 pt2 p456."
Rb2O2,Rb2O2,Other technologically relevant materials,a,398,843,116.999333,0,0,0,0,1,202.9344,Rb2O2(a),tpis82,"Alpha,cubic. Gurvich,1982 pt1 p433 pt2 p456."
Rb2O2,Rb2O2,Other technologically relevant materials,L,843,6000,133.999236,0,0,0,0,1,202.9344,Rb2O2(L),tpis82,"Liquid. Gurvich,1982 pt1 p433 pt2 p456."
Rb2SO4,Rb2SO4,Other technologically relevant materials,a,200,500,47.876281,430.043045,-557.214602,284.237229,0.49,0.9992,266.9982,Rb2SO4(a),tpis82,"Alpha,rhombic. Gurvich,1982 pt1 p451 pt2 p475."
Rb2SO4,Rb2SO4,Other technologically relevant materials,a,500,800,135.32788,21.238037,-21.692192,153.263658,0.023,1,266.9982,Rb2SO4(a),tpis82,"Alpha,rhombic. Gurvich,1982 pt1 p451 pt2 p475."
Rb2SO4,Rb2SO4,Other technologically relevant materials,a,800,931,2880.700584,-5056.913182,0,2698.984619,0,1,266.9982,Rb2SO4(a),tpis82,"Alpha,rhombic. Gurvich,1982 pt1 p451 pt2 p475."
Rb2SO4,Rb2SO4,Other technologically relevant materials,b,931,1343,92.070475,102.323417,0,0,0,1,266.9982,Rb2SO4(b),tpis82,"Beta,hexagonal. Gurvich,1982 pt1 p451 pt2 p475."
Rb2SO4,Rb2SO4,Other technologically relevant materials,L,1343,6000,206.498823,0,0,0,0,1,266.9982,Rb2SO4(L),tpis82,"Liquid. Gurvich,1982 pt1 p451 pt2 p475."
Sulfur,S,Other technologically relevant materials,a,200,368.3,3.695704,121.236774,-257.727827,217.340282,0.066,0.99999,32.065,S(a),tpis89,"Alpha. Ref-Elm. Gurvich,1989 pt1 p265 pt2 p160."
Sulfur,S,Other technologically relevant materials,b,368.3,388.36,17.298357,20.294602,0,0,0,1,32.065,S(b),tpis89,"Beta. Ref-Elm. Gurvich,1989 pt1 p265 pt2 p160."
Sulfur,S,Other technologically relevant materials,L,388.36,428.15,-12082.155935,90544.413265,-225628.38549,187457.792445,0.062,0.99997,32.065,S(L),tpis89,"Liquid. Ref-Elm. Gurvich,1989 pt1 p265 pt2 p160."
Sulfur,S,Other technologically relevant materials,L,428.15,432.25,57606.939699,-270607.1548,317982.313741,0.000153,0,1,32.065,S(L),tpis89,"Liquid. Ref-Elm. Gurvich,1989 pt1 p265 pt2 p160."
Sulfur,S,Other technologically relevant materials,L,432.25,453.15,1371.841182,-5690.031574,6082.784335,1e-06,0,1,32.065,S(L),tpis89,"Liquid. Ref-Elm. Gurvich,1989 pt1 p265 pt2 p160."
Sulfur,S,Other technologically relevant materials,L,453.15,717,305.201409,-1261.688481,1977.998163,-1046.041667,0.399,0.99956,32.065,S(L),tpis89,"Liquid. Ref-Elm. Gurvich,1989 pt1 p265 pt2 p160."
Sulfur,S,Other technologically relevant materials,L,717,6000,31.999818,0,0,0,0,1,32.065,S(L),tpis89,"Liquid. Ref-Elm. Gurvich,1989 pt1 p265 pt2 p160."
Scandium,Sc,Metals and alloys,a,100,400,2.615436,195.420974,-570.267878,577.402488,2.48,0.99841,44.9559,Sc(a),tpis82,"Alpha. Ref-Elm. Gurvich,1982 pt1 p137 pt2 p138."
Scandium,Sc,Metals and alloys,a,400,1609,26.69731,-5.0597,11.884237,-2.28681,0.397,0.99996,44.9559,Sc(a),tpis82,"Alpha. Ref-Elm. Gurvich,1982 pt1 p137 pt2 p138."
Scandium,Sc,Metals and alloys,b,1609,1814,44.199748,0,0,0,0,1,44.9559,Sc(b),tpis82,"Beta. Ref-Elm. Gurvich,1982 pt1 p137 pt2 p138."
Scandium,Sc,Metals and alloys,L,1814,6000,43.999749,0,0,0,0,1,44.9559,Sc(L),tpis82,"Liquid. Ref-Elm. Gurvich,1982 pt1 p137 pt2 p138."
Sc2O3,Sc2O3,Ceramics,cr,200,500,-40.787084,826.453351,-1572.722356,1071.908941,0.243,0.99999,137.91,Sc2O3(cr),tpis82,"Cubic. Gurvich,1982 pt1 p145 pt2 p150."
Sc2O3,Sc2O3,Ceramics,cr,500,2762,97.581892,39.256311,-11.934605,2.275257,1.209,0.99949,137.91,Sc2O3(cr),tpis82,"Cubic. Gurvich,1982 pt1 p145 pt2 p150."
Sc2O3,Sc2O3,Ceramics,L,2762,6000,199.99886,0,0,0,0,1,137.91,Sc2O3(L),tpis82,"Liquid. Gurvich,1982 pt1 p145 pt2 p150."
Silicon,Si,Semiconductors,cr,200,298.15,-15.079415,280.001242,-803.9416,862.367199,0.039,1,28.0855,Si(cr),tpis91,"Cubic. Ref-Elm. Gurvich,1991 pt1 p236 pt2 p220."
Silicon,Si,Semiconductors,cr,298.15,1690,14.184839,26.835537,-19.777051,5.456784,3.96,0.99414,28.0855,Si(cr),tpis91,"Cubic. Ref-Elm. Gurvich,1991 pt1 p236 pt2 p220."
Silicon,Si,Semiconductors,L,1690,6000,27.199845,0,0,0,0,1,28.0855,Si(L),tpis91,"Liquid. Ref-Elm. Gurvich,1991 pt1 p236 pt2 p220."
SiC,SiC,Ceramics,b,100,298.15,-11.062865,178.673872,-289.242803,392.510532,1.897,0.99999,40.0962,SiC(b),tpis91,"Beta,cubic. Gurvich,1991 pt1 p298 pt2 p264."
SiC,SiC,Ceramics,b,298.15,999.86,-5.819525,156.697364,-170.379652,67.650951,2.557,0.99899,40.0962,SiC(b),tpis91,"Beta,cubic. Gurvich,1991 pt1 p298 pt2 p264."
SiC,SiC,Ceramics,b,999.86,1701.58,24.983651,38.43371,-18.812276,3.228249,0.008,1,40.0962,SiC(b),tpis91,"Beta,cubic. Gurvich,1991 pt1 p298 pt2 p264."
SiC,SiC,Ceramics,b,1701.58,3105,29.220302,30.680728,-14.024629,2.232242,0.004,1,40.0962,SiC(b),tpis91,"Beta,cubic. Gurvich,1991 pt1 p298 pt2 p264."
SiC,SiC,Ceramics,L,3103,6000,62.999641,0,0,0,0,1,40.0962,SiC(L),tpis91,"Liquid. Gurvich,1991 pt1 p298 pt2 p264."
SiO2,SiO2,Refractories,a-qz,200,848,-15.43733,325.919154,-498.187625,292.685233,2.233,0.99726,60.0843,SiO2(a-qz),tpis91,"Alpha-quartz,hexagonal. Gurvich,1991 pt1 p250 pt2 p228."
SiO2,SiO2,Refractories,b-qz,848,1200,60.322324,6.575676,2.762748,-0.720509,0,1,60.0843,SiO2(b-qz),tpis91,"Beta-quartz,hexagonal. Gurvich,1991 pt1 p250 pt2 p228."
SiO2,SiO2,Refractories,b-crt,1200,1996,58.840558,17.895727,-8.612112,1.906403,0.013,0.99999,60.0843,SiO2(b-crt),tpis91,"Beta-cristobalite,cubic. Gurvich,1991 pt1 p250 pt2 p228."
SiO2,SiO2,Refractories,L,1996,6000,83.499524,0,0,0,0,1,60.0843,SiO2(L),tpis91,"Liquid. Gurvich,1991 pt1 p250 pt2 p228."
SiS,SiS,Ceramics,cr,298.15,1363,40.519769,15.025914,0,0,0,1,60.1505,SiS(cr),tpis91,"Crystal. Gurvich,1991 pt1 p289 pt2 p257."
SiS,SiS,Ceramics,L,1363,6000,66.999618,0,0,0,0,1,60.1505,SiS(L),tpis91,"Liquid. Gurvich,1991 pt1 p289 pt2 p257."
SiS2,SiS2,Ceramics,cr,100,298.15,-10.511901,577.512092,-1885.275766,2558.371674,1.717,0.99973,92.2155,SiS2(cr),tpis91,"Tetragonal. Gurvich,1991 pt1 p293 pt2 p259."
SiS2,SiS2,Ceramics,cr,298.15,1363,53.406696,27.580843,0,0,0,1,92.2155,SiS2(cr),tpis91,"Tetragonal. Gurvich,1991 pt1 p293 pt2 p259."
SiS2,SiS2,Ceramics,L,1363,6000,99.99943,0,0,0,0,1,92.2155,SiS2(L),tpis91,"Liquid. Gurvich,1991 pt1 p293 pt2 p259."
Si2N2O,Si2N2O,Ceramics,cr,298.15,649.08,-143.978385,1217.827421,-2072.685542,1231.367766,2.966,0.99807,100.1838,Si2N2O(cr),g,"Fegley,1981."
Si2N2O,Si2N2O,Ceramics,cr,649.08,1000,76.094636,66.981595,-25.322579,1.242403,0.1,0.99979,100.1838,Si2N2O(cr),g,"Fegley,1981."
Si2N2O,Si2N2O,Ceramics,cr,1000,2500,93.929246,32.952634,-9.306144,1.437516,0.115,0.99997,100.1838,Si2N2O(cr),g,"Fegley,1981."
Si3N4,Si3N4,Refractories,cr,100,298.15,-37.045902,692.188069,-1438.223693,1951.709571,2.06,0.99997,140.2833,Si3N4(cr),tpis91,"Hexagonal. Gurvich,1991 pt1 p297 pt2 p262."
Si3N4,Si3N4,Refractories,cr,298.15,1223.61,28.225095,292.836827,-250.595489,84.411968,2.673,0.99901,140.2833,Si3N4(cr),tpis91,"Hexagonal. Gurvich,1991 pt1 p297 pt2 p262."
Si3N4,Si3N4,Refractories,cr,1223.61,2149.07,89.583989,89.054611,-26.319354,3.186833,0.004,1,140.2833,Si3N4(cr),tpis91,"Hexagonal. Gurvich,1991 pt1 p297 pt2 p262."
Si3N4,Si3N4,Refractories,cr,2149.07,4000,96.027798,79.651861,-21.686095,2.417391,0.002,1,140.2833,Si3N4(cr),tpis91,"Hexagonal. Gurvich,1991 pt1 p297 pt2 p262."
Tin,Sn,Metals and alloys,cr,200,505.12,22.043428,20.873429,-23.107361,34.53339,0.275,0.99981,118.71,Sn(cr),tpis91,"CrI,tetragonal. Ref-Elm. Gurvich,1991 pt1 p350 pt2 p300."
Tin,Sn,Metals and alloys,L,505.12,4700,29.252131,-2.11406,1.251022,-0.15085,3.164,0.97726,118.71,Sn(L),tpis91,"Liquid. Ref-Elm. Gurvich,1991 pt1 p350 pt2 p300."
SnBr2,SnBr2,Other technologically relevant materials,cr,100,298.15,40.890152,369.217364,-1356.857884,1841.293905,0.572,0.99918,278.518,SnBr2(cr),tpis91,"Rhombic. Gurvich,1991 pt1 p379 pt2 p322."
SnBr2,SnBr2,Other technologically relevant materials,cr,298.15,503.4,125.022239,-360.796564,863.29298,-576.285078,0.065,0.99997,278.518,SnBr2(cr),tpis91,"Rhombic. Gurvich,1991 pt1 p379 pt2 p322."
SnBr2,SnBr2,Other technologically relevant materials,L,503.4,860,173.045861,-181.725783,182.090934,-71.472194,0.029,0.99999,278.518,SnBr2(L),tpis91,"Liquid. Gurvich,1991 pt1 p379 pt2 p322."
SnBr2,SnBr2,Other technologically relevant materials,L,860,6000,105.999396,0,0,0,0,1,278.518,SnBr2(L),tpis91,"Liquid. Gurvich,1991 pt1 p379 pt2 p322."
SnBr4,SnBr4,Other technologically relevant materials,cr,200,302.25,-2304.965663,28467.938549,-109346.104157,138509.265339,0.95,0.99412,438.326,SnBr4(cr),tpis91,"Monoclinic. Gurvich,1991 pt1 p382 pt2 p325."
SnBr4,SnBr4,Other technologically relevant materials,L,302.25,470,220.864517,-352.685497,683.632964,-473.231851,0.012,0.99999,438.326,SnBr4(L),tpis91,"Liquid. Gurvich,1991 pt1 p382 pt2 p325."
SnBr4,SnBr4,Other technologically relevant materials,L,470,6000,156.999105,0,0,0,0,1,438.326,SnBr4(L),tpis91,"Liquid. Gurvich,1991 pt1 p382 pt2 p325."
SnCL2,SnCL2,Other technologically relevant materials,cr,200,520.2,63.184313,46.245234,15.534808,-10.119742,0.308,0.99991,189.616,SnCL2(cr),tpis91,"Rhombic. Gurvich,1991 pt1 p372 pt2 p316."
SnCL2,SnCL2,Other technologically relevant materials,L,520.2,6000,109.999373,0,0,0,0,1,189.616,SnCL2(L),tpis91,"Liquid. Gurvich,1991 pt1 p372 pt2 p316."
SnCL4,SnCL4,Other technologically relevant materials,L,239.05,350,171.199024,-46.286736,0,0,0,1,260.522,SnCL4(L),tpis91,"Liquid. Gurvich,1991 pt1 p375 pt2 p319."
SnCL4,SnCL4,Other technologically relevant materials,L,350,6000,154.999117,0,0,0,0,1,260.522,SnCL4(L),tpis91,"Liquid. Gurvich,1991 pt1 p375 pt2 p319."
SnF2,SnF2,Other technologically relevant materials,cr,298.15,488.2,54.669688,59.449661,0,0,0,1,156.7068,SnF2(cr),tpis91,"Monoclinic. Gurvich,1991 pt1 p367 pt2 p311."
SnF2,SnF2,Other technologically relevant materials,L,488.2,6000,99.99943,0,0,0,0,1,156.7068,SnF2(L),tpis91,"Liquid. Gurvich,1991 pt1 p367 pt2 p311."
SnI2,SnI2,Other technologically relevant materials,cr,200,595.7,45.049191,253.539141,-660.183131,610.187158,0.444,0.99872,372.5189,SnI2(cr),tpis91,"Monoclinic. Gurvich,1991 pt1 p386 pt2 p328."
SnI2,SnI2,Other technologically relevant materials,L,595.7,960,164.983166,-152.010963,142.404541,-48.95231,0.019,0.99999,372.5189,SnI2(L),tpis91,"Liquid. Gurvich,1991 pt1 p386 pt2 p328."
SnI2,SnI2,Other technologically relevant materials,L,960,6000,106.99939,0,0,0,0,1,372.5189,SnI2(L),tpis91,"Liquid. Gurvich,1991 pt1 p386 pt2 p328."
SnI4,SnI4,Other technologically relevant materials,cr,200,418,38.740649,832.807769,-2630.719704,2953.142068,0.322,0.99962,626.3279,SnI4(cr),tpis91,"Cubic. Gurvich,1991 pt1 p389 pt2 p331"
SnI4,SnI4,Other technologically relevant materials,L,418,580,283.356113,-484.167462,657.134395,-351.627808,0.005,1,626.3279,SnI4(L),tpis91,"Liquid. Gurvich,1991 pt1 p389 pt2 p331"
SnI4,SnI4,Other technologically relevant materials,L,580,6000,154.999117,0,0,0,0,1,626.3279,SnI4(L),tpis91,"Liquid. Gurvich,1991 pt1 p389 pt2 p331"
SnO,SnO,Ceramics,cr,100,298.15,0.605249,275.016268,-391.689512,0,0,1,134.7094,SnO(cr),tpis91,"Tetragonal. Gurvich,1991 pt1 p356 pt2 p306."
SnO,SnO,Ceramics,cr,298.15,1250,43.739751,13.559923,0,0,0,1,134.7094,SnO(cr),tpis91,"Tetragonal. Gurvich,1991 pt1 p356 pt2 p306."
SnO,SnO,Ceramics,L,1250,6000,62.999641,0,0,0,0,1,134.7094,SnO(L),tpis91,"Liquid. Gurvich,1991 pt1 p356 pt2 p306."
SnO2,SnO2,Other technologically relevant materials,cr,100,298.15,-9.79151,330.098124,-398.32586,0,0,1,150.7088,SnO2(cr),tpis91,"Tetragonal. Gurvich,1991 pt1 p361 pt2 p308."
SnO2,SnO2,Other technologically relevant materials,cr,298.15,1100.58,4.529549,239.861234,-267.218643,103.713916,3.42,0.996,150.7088,SnO2(cr),tpis91,"Tetragonal. Gurvich,1991 pt1 p361 pt2 p308."
SnO2,SnO2,Other technologically relevant materials,cr,1100.58,1903,65.32357,21.996538,-7.4116,1.32072,0.009,1,150.7088,SnO2(cr),tpis91,"Tetragonal. Gurvich,1991 pt1 p361 pt2 p308."
SnO2,SnO2,Other technologically relevant materials,L,1903,6000,91.999476,0,0,0,0,1,150.7088,SnO2(L),tpis91,"Liquid. Gurvich,1991 pt1 p361 pt2 p308."
SnS,SnS,Other technologically relevant materials,cr,100,298.15,1.560417,491.835434,-1864.787082,2530.56796,1.515,0.99878,150.775,SnS(cr),tpis91,"Rhombic. Gurvich,1991 pt1 p392 pt2 p333."
SnS,SnS,Other technologically relevant materials,cr,298.15,875,47.611353,-7.941644,50.667686,-23.327484,0.234,0.99995,150.775,SnS(cr),tpis91,"Rhombic. Gurvich,1991 pt1 p392 pt2 p333."
SnS,SnS,Other technologically relevant materials,cr,875,1154,40.919767,15.649911,0,0,0,1,150.775,SnS(cr),tpis91,"Cubic. Gurvich,1991 pt1 p392 pt2 p333."
SnS,SnS,Other technologically relevant materials,L,1154,6000,74.899573,0,0,0,0,1,150.775,SnS(L),tpis91,"Liquid. Gurvich,1991 pt1 p392 pt2 p333."
SnS2,SnS2,Other technologically relevant materials,cr,100,298.15,-26.804655,959.841663,-3566.317859,4839.592571,2.644,0.99906,182.84,SnS2(cr),tpis91,"Hexagonal. Gurvich,1991 pt1 p396 pt2 p335."
SnS2,SnS2,Other technologically relevant materials,cr,298.15,1143,65.941199,10.828851,10.955164,-4.130434,0.126,0.99998,182.84,SnS2(cr),tpis91,"Hexagonal. Gurvich,1991 pt1 p396 pt2 p335."
Strontium,Sr,Metals and alloys,a,100,298.15,17.647134,87.274262,-322.246073,445.682604,0.018,1,87.62,Sr(a),srd,"Alpha. Ref-Elm. Alcock,1993."
Strontium,Sr,Metals and alloys,a,298.15,820,22.682431,17.753915,-14.558391,5.995162,0.04,0.99998,87.62,Sr(a),srd,"Alpha. Ref-Elm. Alcock,1993."
Strontium,Sr,Metals and alloys,b,820,1041,26.525849,4.021977,0,0,0,1,87.62,Sr(b),srd,"Beta. Ref-Elm. Alcock,1993."
Strontium,Sr,Metals and alloys,L,1041,6000,36.999789,0,0,0,0,1,87.62,Sr(L),srd,"Liquid. Ref-Elm. Alcock,1993."
SrBr2,SrBr2,Other technologically relevant materials,a,200,918,68.469506,30.820535,-16.296364,8.521458,0.536,0.99977,247.428,SrBr2(a),tpis96,"Alpha,tetragonal. Gurvich,1996a pt1 p523 pt2 p403."
SrBr2,SrBr2,Other technologically relevant materials,b,918,930,99.99943,0,0,0,0,1,247.428,SrBr2(b),tpis96,"Beta. Gurvich,1996a pt1 p523 pt2 p403."
SrBr2,SrBr2,Other technologically relevant materials,L,930,6000,99.99943,0,0,0,0,1,247.428,SrBr2(L),tpis96,"Liquid. Gurvich,1996a pt1 p523 pt2 p403."
SrCO3,SrCO3,Other technologically relevant materials,a,200,500,91.68215,-371.936474,1686.914505,-1806.461723,2.105,0.99413,147.6289,SrCO3(a),tpis96,"Alpha,rhombic. Gurvich,1996a pt1 p532 pt2 p411."
SrCO3,SrCO3,Other technologically relevant materials,a,500,1198,84.75628,57.042342,-64.957471,48.855334,0.313,0.99994,147.6289,SrCO3(a),tpis96,"Alpha,rhombic. Gurvich,1996a pt1 p532 pt2 p411."
SrCO3,SrCO3,Other technologically relevant materials,b,1198,1689,145.999168,0,0,0,0,1,147.6289,SrCO3(b),tpis96,"Beta,rhombic. Gurvich,1996a pt1 p532 pt2 p411."
SrCO3,SrCO3,Other technologically relevant materials,c,1689,1767,145.999168,0,0,0,0,1,147.6289,SrCO3(c),tpis96,"Gamma,cubic. Gurvich,1996a pt1 p532 pt2 p411."
SrCO3,SrCO3,Other technologically relevant materials,L,1767,6000,164.99906,0,0,0,0,1,147.6289,SrCO3(L),tpis96,"Liquid. Gurvich,1996a pt1 p532 pt2 p411."
SrCL2,SrCL2,Other technologically relevant materials,a,200,700,53.38686,114.408352,-155.785514,79.04779,0.199,0.99956,158.526,SrCL2(a),tpis96,"Alpha,cubic. Gurvich,1996a pt1 p518 pt2 p400."
SrCL2,SrCL2,Other technologically relevant materials,a,700,845,13645.901334,-52773.66324,68157.634662,-29209.212684,1.635,0.9941,158.526,SrCL2(a),tpis96,"Alpha,cubic. Gurvich,1996a pt1 p518 pt2 p400."
SrCL2,SrCL2,Other technologically relevant materials,a,845,990,-32247.990569,112031.372015,-129376.542818,49813.954461,0.502,0.99996,158.526,SrCL2(a),tpis96,"Alpha,cubic. Gurvich,1996a pt1 p518 pt2 p400."
SrCL2,SrCL2,Other technologically relevant materials,b,900,1147,16300.34014,-38952.281528,30889.181734,-8053.713626,0.42,1,158.526,SrCL2(b),tpis96,"Beta,cubic. Gurvich,1996a pt1 p518 pt2 p400."
SrCL2,SrCL2,Other technologically relevant materials,L,1147,6000,84.905936,14.498569,-3.365288,0.257785,1.51,0.97772,158.526,SrCL2(L),tpis96,"Liquid. Gurvich,1996a pt1 p518 pt2 p400."
SrF2,SrF2,Other technologically relevant materials,a,200,800,36.827795,172.64944,-249.351374,133.699232,1.335,0.99851,125.6168,SrF2(a),tpis96,"Alpha,cubic. Gurvich,1996a pt1 p513 pt2 p396."
SrF2,SrF2,Other technologically relevant materials,a,800,1484,-120.739839,752.518051,-908.446809,360.414652,1.198,0.99985,125.6168,SrF2(a),tpis96,"Alpha,cubic. Gurvich,1996a pt1 p513 pt2 p396."
SrF2,SrF2,Other technologically relevant materials,b,1484,1750,68272.483757,-126001.172744,77632.24955,-15938.149846,0.767,0.99933,125.6168,SrF2(b),tpis96,"Beta,cubic. Gurvich,1996a pt1 p513 pt2 p396."
SrF2,SrF2,Other technologically relevant materials,L,1750,6000,98.999436,0,0,0,0,1,125.6168,SrF2(L),tpis96,"Liquid. Gurvich,1996a pt1 p515 pt2 p396."
SrH2,SrH2,Other technologically relevant materials,a,298,1128,34.300805,32.529815,0,0,0,1,89.6359,SrH2(a),tpis96,"Alpha,rhombic. Gurvich,1996a pt1 p501 pt2 p389."
SrH2,SrH2,Other technologically relevant materials,b,1128,1323,70.999595,0,0,0,0,1,89.6359,SrH2(b),tpis96,"Beta. Gurvich,1996a pt1 p501 pt2 p389."
SrH2,SrH2,Other technologically relevant materials,L,1323,6000,74.999573,0,0,0,0,1,89.6359,SrH2(L),tpis96,"Liquid. Gurvich,1996a pt1 p501 pt2 p389."
SrI2,SrI2,Other technologically relevant materials,cr,200,811,69.427049,25.395318,11.692198,-11.332981,0.437,0.99879,341.4289,SrI2(cr),tpis96,"Rhombic. Gurvich,1996a pt1 p527 pt2 p406."
SrI2,SrI2,Other technologically relevant materials,L,811,6000,109.999373,0,0,0,0,1,341.4289,SrI2(L),tpis96,"Liquid. Gurvich,1996a pt1 p527 pt2 p406."
SrO,SrO,Other technologically relevant materials,cr,200,500,21.265932,141.384254,-255.744687,174.122484,0.808,0.99945,103.6194,SrO(cr),tpis96,"Cubic. Gurvich,1996a pt1 p494 pt2 p383."
SrO,SrO,Other technologically relevant materials,cr,500,1800,38.663754,35.063136,-29.849656,8.615659,0.157,0.9997,103.6194,SrO(cr),tpis96,"Cubic. Gurvich,1996a pt1 p494 pt2 p383."
SrO,SrO,Other technologically relevant materials,cr,1800,2805,-5.154143,137.277051,-97.473455,22.177057,0.345,0.99998,103.6194,SrO(cr),tpis96,"Cubic. Gurvich,1996a pt1 p494 pt2 p383."
SrO,SrO,Other technologically relevant materials,L,2805,6000,83.999521,0,0,0,0,1,103.6194,SrO(L),tpis96,"Liquid. Gurvich,1996a pt1 p494 pt2 p383."
Sr(OH)2,Sr(OH)2,Other technologically relevant materials,b,200,753,17.874182,355.03002,-471.147921,262.176283,0.875,0.9997,121.6347,Sr(OH)2(b),tpis96,"Beta,tetragonal. Gurvich,1996a pt1 p505 pt2 p392."
Sr(OH)2,Sr(OH)2,Other technologically relevant materials,a,753,808,129.999259,0,0,0,0,1,121.6347,Sr(OH)2(a),tpis96,"Alpha. Gurvich,1996a pt1 p505 pt2 p392."
Sr(OH)2,Sr(OH)2,Other technologically relevant materials,L,808,6000,152.999128,0,0,0,0,1,121.6347,Sr(OH)2(L),tpis96,"Liquid. Gurvich,1996a pt1 p505 pt2 p392."
SrS,SrS,Other technologically relevant materials,cr,200,500,19.568352,208.649238,-493.139873,404.197082,0.297,0.99777,119.685,SrS(cr),tpis96,"Cubic. Gurvich,1996a pt1 p528 pt2 p408."
SrS,SrS,Other technologically relevant materials,cr,500,2500,46.649756,9.159692,-0.778547,0.141918,0.105,0.99999,119.685,SrS(cr),tpis96,"Cubic. Gurvich,1996a pt1 p528 pt2 p408."
SrS,SrS,Other technologically relevant materials,L,2500,6000,66.999618,0,0,0,0,1,119.685,SrS(L),tpis96,"Liquid. Gurvich,1996a pt1 p528 pt2 p408."
SrS04,SrS04,Other technologically relevant materials,a,298.15,1430,56.435795,200.292436,-139.88662,44.220485,2.834,0.99909,183.6826,SrS04(a),tpis96,"Alpha,Rhombic. Gurvich,1996a pt1 p531 pt2 p410."
SrS04,SrS04,Other technologically relevant materials,b,1430,1880,169.999031,0,0,0,0,1,183.6826,SrS04(b),tpis96,"Beta,hexagonal. Gurvich,1996a pt1 p531 pt2 p410."
SrS04,SrS04,Other technologically relevant materials,L,1880,6000,169.999031,0,0,0,0,1,183.6826,SrS04(L),tpis96,"Liquid. Gurvich,1996a pt1 p531 pt2 p410."
Tantalum,Ta,Metals and alloys,cr,200,1000,22.12038,13.341848,-11.469397,3.901793,1.162,0.99637,180.9479,Ta(cr),j12/72,"Crystal. Ref-Elm. Chase,1998 pp1899-1901."
Tantalum,Ta,Metals and alloys,cr,1000,2000,4.67019,47.485308,-31.585273,7.251568,0.412,0.99673,180.9479,Ta(cr),j12/72,"Crystal. Ref-Elm. Chase,1998 pp1899-1901."
Tantalum,Ta,Metals and alloys,cr,2000,3258,-6.674987,45.972426,-20.183562,3.33168,0.001,1,180.9479,Ta(cr),j12/72,"Crystal. Ref-Elm. Chase,1998 pp1899-1901."
Tantalum,Ta,Metals and alloys,L,3258,6000,41.839762,0,0,0,0,1,180.9479,Ta(L),j12/72,"Liquid. Ref-Elm. Chase,1998 pp1899-1901."
TaC,TaC,Refractories,cr,200,800,4.275829,167.090712,-229.933016,114.292332,0.751,0.99975,192.9586,TaC(cr),j12/73,"Chase,1998 pp652-4."
TaC,TaC,Refractories,cr,800,4273,41.709581,10.070987,-0.862101,0.093368,0.387,0.99997,192.9586,TaC(cr),j12/73,"Chase,1998 pp652-4."
TaC,TaC,Refractories,L,4273,6000,66.943619,0,0,0,0,1,192.9586,TaC(L),j12/73,"Chase,1998 pp652-4."
Ta2O5,Ta2O5,Ceramics,II,200,500,-14.346476,913.046402,-1744.696342,1214.963791,0.46,0.99996,441.8928,Ta2O5(II),tpis82,"Rhombic. Gurvich,1982 pt1 p91 pt2 p92."
Ta2O5,Ta2O5,Ceramics,II,500,1633,122.15109,91.848871,-45.332758,11.505788,0.312,0.99989,441.8928,Ta2O5(II),tpis82,"Rhombic. Gurvich,1982 pt1 p91 pt2 p92."
Ta2O5,Ta2O5,Ceramics,I,1633,2150,209.998803,0,0,0,0,1,441.8928,Ta2O5(I),tpis82,"Monoclinic. Gurvich,1982 pt1 p91 pt2 p92."
Ta2O5,Ta2O5,Ceramics,L,2150,6000,219.998746,0,0,0,0,1,441.8928,Ta2O5(L),tpis82,"Liquid. Gurvich,1982 pt1 p91 pt2 p92."
Thorium,Th,Metals and alloys,a,200,1650,23.637216,8.494169,0.345178,-0.08781,0.35,0.99999,232.0381,Th(a),coda89,"Alpha. Ref-Elm. Cox,1989 p239."
Thorium,Th,Metals and alloys,b,1650,2023,15.186561,12.79282,-0.459023,0.083211,0,1,232.0381,Th(b),coda89,"Beta. Ref-Elm. Cox,1989 p239."
Thorium,Th,Metals and alloys,L,2023,6000,45.999738,0,0,0,0,1,232.0381,Th(L),coda89,"Liquid. Ref-Elm. Cox,1989 p239."
Titanium,Ti,Metals and alloys,a,200,900,17.27585,34.984084,-38.201244,18.544901,2.647,0.99467,47.867,Ti(a),coda89,"Alpha. Ref-Elm. Cox,1989 p230."
Titanium,Ti,Metals and alloys,a,900,1156,149.935207,-189.138125,-13.685555,85.571529,0.021,1,47.867,Ti(a),coda89,"Alpha. Ref-Elm. Cox,1989 p230."
Titanium,Ti,Metals and alloys,b,1156,1944,16.871371,5.955336,3.14737,0.009045,0.003,1,47.867,Ti(b),coda89,"Beta. Ref-Elm. Cox,1989 p230."
Titanium,Ti,Metals and alloys,L,1944,6000,46.799733,0,0,0,0,1,47.867,Ti(L),coda89,"Liquid. Ref-Elm. Cox,1989 p230."
TiB,TiB,Ceramics,cr,298.15,1100,-20.030163,245.0643,-282.912742,109.482534,3.759,0.99602,58.678,TiB(cr),j,"Crystal. Chase,1998. p258."
TiB,TiB,Ceramics,cr,1100,4000,50.696767,1.33754,0.005832,-0.00107,0.042,0.99999,58.678,TiB(cr),j,"Crystal. Chase,1998. p258."
TiB2,TiB2,Refractories,cr,200,725,-27.624041,372.469844,-521.822657,268.385244,0.376,0.99993,69.489,TiB2(cr),j,"Crystal. Chase,1998 pp276-8."
TiB2,TiB2,Refractories,cr,725,1250,39.564951,61.757397,-33.675472,9.277055,0.034,1,69.489,TiB2(cr),j,"Crystal. Chase,1998 pp276-8."
TiB2,TiB2,Refractories,cr,1250,2300,42.751741,43.189688,-10.395553,0.871842,0.057,0.99998,69.489,TiB2(cr),j,"Crystal. Chase,1998 pp276-8."
TiB2,TiB2,Refractories,cr,2300,3193,81.700045,4.749058,1.345766,-0.16614,0.037,0.99997,69.489,TiB2(cr),j,"Crystal. Chase,1998 pp276-8."
TiB2,TiB2,Refractories,L,3193,6000,108.78338,0,0,0,0,1,69.489,TiB2(L),j,"Liquid. Chase,1998 pp276-8."
TiC,TiC,Refractories,cr,200,1000,-7.067618,198.648324,-237.002806,96.954226,2.894,0.99968,59.8777,TiC(cr),j,"Chase,1998 p655-7"
TiC,TiC,Refractories,cr,1000,3290,48.146437,-0.374177,3.796023,-0.42271,0.061,0.99999,59.8777,TiC(cr),j,"Chase,1998 p655-7"
TiC,TiC,Refractories,L,3290,6000,62.759642,0,0,0,0,1,59.8777,TiC(L),j,"Chase,1998 p655-7"
TiCL2,TiCL2,Other technologically relevant materials,cr,200,800,38.915315,159.850022,-231.848493,124.892609,1.842,0.99618,118.773,TiCL2(cr),j12/68,"Chase,1998 p865."
TiCL2,TiCL2,Other technologically relevant materials,cr,800,2000,67.104288,18.667155,0.200056,-0.049082,0.035,1,118.773,TiCL2(cr),j12/68,"Chase,1998 p865."
TiCL3,TiCL3,Other technologically relevant materials,cr,298.15,1500,90.851883,24.730723,-12.64838,3.800591,0.092,0.99988,154.226,TiCL3(cr),j12/68,"Chase,1998 p886."
TiCL4,TiCL4,Other technologically relevant materials,L,249.05,700,142.67302,7.877567,3.227227,-2.679418,0.08,0.99963,189.679,TiCL4(L),j12/67,"Chase,1998 p904."
TiCL4,TiCL4,Other technologically relevant materials,L,700,2000,142.531098,9.088804,0,0,0,1,189.679,TiCL4(L),j12/67,"Chase,1998 p904."
TiN,TiN,Refractories,cr,200,800,-8.637665,241.760722,-346.023502,171.022083,0.526,0.99975,61.8737,TiN(cr),j,"Chase,1998 pp1612-4."
TiN,TiN,Refractories,cr,800,3220,45.650149,5.008898,1.669214,-0.197552,0.03,1,61.8737,TiN(cr),j,"Chase,1998 pp1612-4."
TiN,TiN,Refractories,L,3220,6000,62.759642,0,0,0,0,1,61.8737,TiN(L),j,"Chase,1998 pp1612-4."
TiO,TiO,Ceramics,a,200,500,12.867867,79.314114,120.675007,-270.195461,2.368,0.99768,63.8664,TiO(a),tpis82,"Alpha,monoclinic. Gurvich,1982 pt1 p98 pt2 p99."
TiO,TiO,Ceramics,a,500,1265,40.636053,27.031073,-28.164063,18.249639,0.349,0.9999,63.8664,TiO(a),tpis82,"Alpha,monoclinic. Gurvich,1982 pt1 p98 pt2 p99."
TiO,TiO,Ceramics,b,1265,1810,46.223548,18.811918,-3.294396,0.572267,0.001,1,63.8664,TiO(b),tpis82,"Beta,cubic. Gurvich,1982 pt1 p98 pt2 p99."
TiO,TiO,Ceramics,c,1810,2030,52.896426,6.766488,1.919763,-0.266676,0,1,63.8664,TiO(c),tpis82,"Gamma,cubic. Gurvich,1982 pt1 p98 pt2 p99."
TiO,TiO,Ceramics,L,2030,6000,69.999601,0,0,0,0,1,63.8664,TiO(L),tpis82,"Liquid. Gurvich,1982 pt1 p98 pt2 p99."
TiO2,TiO2,Refractories,cr,200,275,1068.581872,-12537.677272,50650.329828,-67271.995594,0.824,0.99636,79.8658,TiO2(cr),tpis82,"Rutile,tetragonal. Gurvich,1982 pt1 p105 pt2 p105."
TiO2,TiO2,Refractories,cr,275,350,-131.636523,1481.0817,-3963.817247,3678.310912,0.006,1,79.8658,TiO2(cr),tpis82,"Rutile,tetragonal. Gurvich,1982 pt1 p105 pt2 p105."
TiO2,TiO2,Refractories,cr,350,500,-0.036822,316.772612,-542.382811,337.075327,0.121,0.99982,79.8658,TiO2(cr),tpis82,"Rutile,tetragonal. Gurvich,1982 pt1 p105 pt2 p105."
TiO2,TiO2,Refractories,cr,500,2185,53.048773,29.526465,-10.762394,2.184779,0.658,0.99976,79.8658,TiO2(cr),tpis82,"Rutile,tetragonal. Gurvich,1982 pt1 p105 pt2 p105."
TiO2,TiO2,Refractories,L,2185,6000,99.99943,0,0,0,0,1,79.8658,TiO2(L),tpis82,"Liquid. Gurvich,1982 pt1 p105 pt2 p105."
Ti2O3,Ti2O3,Ceramics,I,200,400,-33.36425,838.391734,-1990.103574,2127.758861,1.388,0.99959,143.7322,Ti2O3(I),tpis82,"Hexagonal. Gurvich,1982 pt1 p109 pt2 p108."
Ti2O3,Ti2O3,Ceramics,I,400,464,473.308303,-2127.290877,3105.295304,0,0,1,143.7322,Ti2O3(I),tpis82,"Hexagonal. Gurvich,1982 pt1 p109 pt2 p108."
Ti2O3,Ti2O3,Ceramics,I',464,580,772.264599,-2268.362073,2020.746484,0,0,1,143.7322,Ti2O3(I'),tpis82,"Hexagonal. Gurvich,1982 pt1 p109 pt2 p108."
Ti2O3,Ti2O3,Ceramics,I',580,2110,136.866665,-17.692394,30.475222,-6.148238,0.539,0.99979,143.7322,Ti2O3(I'),tpis82,"Hexagonal. Gurvich,1982 pt1 p109 pt2 p108."
Ti2O3,Ti2O3,Ceramics,L,2110,6000,169.999031,0,0,0,0,1,143.7322,Ti2O3(L),tpis82,"Liquid. Gurvich,1982 pt1 p109 pt2 p108."
Ti3O5,Ti3O5,Ceramics,a,200,298.15,35.879438,385.543191,0,0,0,1,223.598,Ti3O5(a),tpis82,"Alpha,monoclinic. Gurvich,1982 pt1 p111 pt2 p110."
Ti3O5,Ti3O5,Ceramics,a,298.15,448,-5197.277433,43873.039091,-118978.382668,107401.882253,1.842,0.99653,223.598,Ti3O5(a),tpis82,"Alpha,monoclinic. Gurvich,1982 pt1 p111 pt2 p110."
Ti3O5,Ti3O5,Ceramics,b,448,2050,167.963043,42.609757,0,0,0,1,223.598,Ti3O5(b),tpis82,"Beta,rhombic. Gurvich,1982 pt1 p111 pt2 p110."
Ti3O5,Ti3O5,Ceramics,L,2050,6000,259.998518,0,0,0,0,1,223.598,Ti3O5(L),tpis82,"Liquid. Gurvich,1982 pt1 p111 pt2 p110."
Ti4O7,Ti4O7,Ceramics,cr,200,500,-81.431148,1897.93838,-3844.129211,2789.231787,0.218,0.99993,303.4638,Ti4O7(cr),tpis82,"Triclinic. Gurvich,1982 pt1 p112 pt2 p111."
Ti4O7,Ti4O7,Ceramics,cr,500,1960,204.149675,126.603657,-51.637604,11.411552,0.507,0.99982,303.4638,Ti4O7(cr),tpis82,"Triclinic. Gurvich,1982 pt1 p112 pt2 p111."
Ti4O7,Ti4O7,Ceramics,L,1960,6000,361.997937,0,0,0,0,1,303.4638,Ti4O7(L),tpis82,"Liquid. Gurvich,1982 pt1 p112 pt2 p111."
Uranium,U,Metals and alloys,a,200,942,22.776241,15.137692,0.038092,13.027335,0.289,0.99998,238.0289,U(a),coda89,"Alpha. Ref-Elm. Cox,1989 p234."
Uranium,U,Metals and alloys,b,942,1049,42.399758,0,0,0,0,1,238.0289,U(b),coda89,"Beta. Ref-Elm. Cox,1989 p234."
Uranium,U,Metals and alloys,c,1049,1408,38.299782,0,0,0,0,1,238.0289,U(c),coda89,"Gamma. Ref-Elm. Cox,1989 p234."
Uranium,U,Metals and alloys,L,1408,4000,45.953784,0.161421,0.892872,-0.089125,0.076,0.99998,238.0289,U(L),coda89,"Liquid. Ref-Elm. Cox,1989 p234."
UF3,UF3,Other technologically relevant materials,cr,298.15,1768,84.779204,52.93952,-42.417536,11.27446,2.094,0.97367,295.0241,UF3(cr),tpis82,"Hexagonal. Gurvich,1982 pt1 p209 pt2 p236."
UF3,UF3,Other technologically relevant materials,L,1768,6000,133.999236,0,0,0,0,1,295.0241,UF3(L),tpis82,"Liquid. Gurvich,1982 pt1 p209 pt2 p236."
UF4,UF4,Other technologically relevant materials,cr,200,500,36.202011,516.037702,-1058.593162,758.102248,0.283,0.99991,314.0225,UF4(cr),tpis82,"Monoclinic. Gurvich,1982 pt1 p212 pt2 p243."
UF4,UF4,Other technologically relevant materials,cr,500,1309,116.811379,20.437091,-17.367749,13.512294,0.127,0.99994,314.0225,UF4(cr),tpis82,"Monoclinic. Gurvich,1982 pt1 p212 pt2 p243."
UF4,UF4,Other technologically relevant materials,L,1309,6000,166.999048,0,0,0,0,1,314.0225,UF4(L),tpis82,"Liquid. Gurvich,1982 pt1 p212 pt2 p243."
UF5,UF5,Other technologically relevant materials,b,298.15,398,108.89463,124.320702,-203.604657,156.142377,0.001,1,333.0209,UF5(b),tpis82,"Beta,tetragonal. Gurvich,1982 pt1 p217 pt2 p250."
UF5,UF5,Other technologically relevant materials,a,398,621,117.322418,61.483077,-46.474631,24.381812,0.002,1,333.0209,UF5(a),tpis82,"Alpha,tetragonal. Gurvich,1982 pt1 p217 pt2 p250."
UF5,UF5,Other technologically relevant materials,L,621,6000,166.999048,0,0,0,0,1,333.0209,UF5(L),tpis82,"Liquid. Gurvich,1982 pt1 p217 pt2 p250."
UF6,UF6,Other technologically relevant materials,cr,100,337.21,3.744241,1253.197939,-4090.505313,5764.753236,0.214,0.99996,352.0193,UF6(cr),tpis82,"Rhombic. Gurvich,1982 pt1 p222 pt2 p532."
UF6,UF6,Other technologically relevant materials,L,337.21,1000,145.549171,133.999236,0,0,0,1,352.0193,UF6(L),tpis82,"Liquid. Gurvich,1982 pt1 p222 pt2 p532."
UO2,UO2,Refractories,cr,200,500,39.255086,-5.837271,495.282944,-667.085743,1.964,0.99715,270.0277,UO2(cr),tpis82,"Cubic. Gurvich,1982 pt1 p190 pt2 p209."
UO2,UO2,Refractories,cr,500,3123,80.063996,-5.748983,6.400588,1.60847,2.195,0.99983,270.0277,UO2(cr),tpis82,"Cubic. Gurvich,1982 pt1 p190 pt2 p209."
UO2,UO2,Refractories,L,3123,6000,130.999253,0,0,0,0,1,270.0277,UO2(L),tpis82,"Liquid. Gurvich,1982 pt1 p190 pt2 p209."
UO2F2,UO2F2,Other technologically relevant materials,cr,200,500,12.276719,575.429755,-1165.056011,862.016257,0.288,0.99988,308.0245,UO2F2(cr),tpis82,"Hexagonal. Gurvich,1982 pt1 p227 pt2 p262."
UO2F2,UO2F2,Other technologically relevant materials,cr,500,2100,95.860104,46.89412,-11.61381,2.432365,0.336,0.99996,308.0245,UO2F2(cr),tpis82,"Hexagonal. Gurvich,1982 pt1 p227 pt2 p262."
UO3,UO3,Ceramics,c,200,500,0.700477,477.434829,-846.604166,522.261552,0.342,0.99985,286.0271,UO3(c),tpis82,"Gamma,monoclinic. Gurvich,1982 pt1 p195 pt2 p217."
UO3,UO3,Ceramics,c,500,3000,92.886875,-2.602449,10.325814,1.375039,1.298,0.99995,286.0271,UO3(c),tpis82,"Gamma,monoclinic. Gurvich,1982 pt1 p195 pt2 p217."
U3O8,U3O8,Ceramics,II,200,300,-18.054898,1770.902779,-4484.015814,4792.371406,0.019,1,842.0819,U3O8(II),tpis82,"Rhombic. Gurvich,1982 pt1 p199 pt2 p222."
U3O8,U3O8,Ceramics,II,300,483,-608.350478,6473.486506,-16424.925517,14229.652699,0.265,0.99972,842.0819,U3O8(II),tpis82,"Rhombic. Gurvich,1982 pt1 p199 pt2 p222."
U3O8,U3O8,Ceramics,I,483,6000,246.398815,56.675538,-4.348925,0.043283,0.284,0.99999,842.0819,U3O8(I),tpis82,"Hexagonal. Gurvich,1982 pt1 p199 pt2 p222."
U4O9,U4O9,Ceramics,III,298.15,348,-45700.051388,450640.393712,-1473626.577644,1608502.728452,0.138,0.99999,1096.1102,U4O9(III),tpis82,"Cubic. Gurvich,1982 pt1 p201 pt2 p223."
U4O9,U4O9,Ceramics,II,348,380,30089.763781,-206805.003114,468420.058922,-343197.15815,0.005,1,1096.1102,U4O9(II),tpis82,"Cubic. Gurvich,1982 pt1 p201 pt2 p223."
U4O9,U4O9,Ceramics,II,380,1398,248.743034,246.200901,-223.413608,92.811281,1.063,0.9989,1096.1102,U4O9(II),tpis82,"Cubic. Gurvich,1982 pt1 p201 pt2 p223."
U4O9,U4O9,Ceramics,I,1398,6000,295.455255,85.984866,-0.456206,0.033597,0.032,1,1096.1102,U4O9(I),tpis82,"Gurvich,1982 pt1 p201 pt2 p223."
Vanadium,V,Metals and alloys,cr,200,600,8.246204,102.618967,-197.018026,132.792478,0.344,0.99918,50.9415,V(cr),j,"Crystal. Ref-Elm. Chase,1998 p1917."
Vanadium,V,Metals and alloys,cr,600,1400,24.427687,4.930974,-0.607236,1.336373,0.119,0.99999,50.9415,V(cr),j,"Crystal. Ref-Elm. Chase,1998 p1917."
Vanadium,V,Metals and alloys,cr,1400,2190,9.492253,31.974533,-15.865145,3.868871,0.176,0.99995,50.9415,V(cr),j,"Crystal. Ref-Elm. Chase,1998 p1917."
Vanadium,V,Metals and alloys,L,2190,6000,46.203737,0,0,0,0,1,50.9415,V(L),j,"Liquid. Ref-Elm. Chase,1998 p1917."
VCL2,VCL2,Other technologically relevant materials,cr,298,1300,63.066093,37.844587,-26.459704,9.024701,0.516,0.99956,121.8475,VCL2(cr),g10/00,"Pankratz,1984."
VCL3,VCL3,Other technologically relevant materials,cr,298,1000,67.36066,126.253266,-143.926098,60.065123,0.678,0.99851,157.3005,VCL3(cr),g,"Pankratz,1984."
VN,VN,Ceramics,cr,200,1000,6.40757,153.969895,-189.860106,83.755523,1.985,0.99806,64.9482,VN(cr),j12/73,"Chase,1998 p1635."
VN,VN,Ceramics,cr,1000,3500,40.427606,15.218817,-2.229603,0.249341,0.069,0.99999,64.9482,VN(cr),j12/73,"Chase,1998 p1635."
VO,VO,Ceramics,cr,200,275,-640.588178,8304.762076,-34108.845856,46765.310824,1.287,0.99199,66.9409,VO(cr),tpis82,"Cubic Gurvich,1982 pt1 p60 pt2 p63."
VO,VO,Ceramics,cr,275,350,199.90121,-1767.307039,6026.05158,-6423.035562,0.037,0.99999,66.9409,VO(cr),tpis82,"Cubic Gurvich,1982 pt1 p60 pt2 p63."
VO,VO,Ceramics,cr,350,500,-33.691992,417.649745,-717.403971,458.510991,0.313,0.99959,66.9409,VO(cr),tpis82,"Cubic Gurvich,1982 pt1 p60 pt2 p63."
VO,VO,Ceramics,cr,500,2063,36.005497,43.727264,-19.396207,4.119179,1.143,0.9996,66.9409,VO(cr),tpis82,"Cubic Gurvich,1982 pt1 p60 pt2 p63."
VO,VO,Ceramics,L,2063,6000,69.999601,0,0,0,0,1,66.9409,VO(L),tpis82,"Liquid Gurvich,1982 pt1 p60 pt2 p63."
V2O3,V2O3,Ceramics,cr,200,500,27.960023,262.830913,75.089805,-437.927687,2.506,0.99825,149.8812,V2O3(cr),tpis82,"Hexagonal. Gurvich,1982 pt1 p65 pt2 p67."
V2O3,V2O3,Ceramics,cr,500,2230,111.127164,38.522387,-23.367617,6.845037,1.195,0.9982,149.8812,V2O3(cr),tpis82,"Hexagonal. Gurvich,1982 pt1 p65 pt2 p67."
V2O3,V2O3,Ceramics,L,2230,6000,159.999088,0,0,0,0,1,149.8812,V2O3(L),tpis82,"Liquid. Gurvich,1982 pt1 p65 pt2 p67."
V2O4,V2O4,Ceramics,II,200,338.7,-207.786699,2996.285069,-10281.430761,12846.141352,0.43,0.99991,165.8806,V2O4(II),tpis82,"Monoclinic. Gurvich,1982 pt1 p67 pt2 p68."
V2O4,V2O4,Ceramics,I,338.7,1818,93.597022,134.381719,-88.910862,22.584018,2.927,0.99593,165.8806,V2O4(I),tpis82,"Tetragonal. Gurvich,1982 pt1 p67 pt2 p68."
V2O4,V2O4,Ceramics,L,1818,6000,179.998974,0,0,0,0,1,165.8806,V2O4(L),tpis82,"Liquid. Gurvich,1982 pt1 p67 pt2 p68."
V2O5,V2O5,Ceramics,cr,200,500,-2.518595,694.794891,-1002.149809,463.459835,0.449,0.99957,181.88,V2O5(cr),tpis82,"Rhombic. Gurvich,1982 pt1 p68 pt2 p69."
V2O5,V2O5,Ceramics,cr,500,954,107.885099,143.70199,-153.652991,91.782326,0.074,0.99999,181.88,V2O5(cr),tpis82,"Rhombic. Gurvich,1982 pt1 p68 pt2 p69."
V2O5,V2O5,Ceramics,L,954,6000,189.998917,0,0,0,0,1,181.88,V2O5(L),tpis82,"Liquid. Gurvich,1982 pt1 p68 pt2 p69."
Tungsten,W,Metals and alloys,cr,200,1000,19.576854,22.159065,-27.577242,13.548251,2.355,0.99057,183.84,W(cr),j,"Crystal. Ref-Elm. Chase,1998 pp1925-8."
Tungsten,W,Metals and alloys,cr,1000,2600,23.292255,4.043054,0.237412,-0.009361,0.009,1,183.84,W(cr),j,"Crystal. Ref-Elm. Chase,1998 pp1925-8."
Tungsten,W,Metals and alloys,cr,2600,3200,96.050319,-44.114876,3.912187,1.560772,0.131,0.99997,183.84,W(cr),j,"Crystal. Ref-Elm. Chase,1998 pp1925-8."
Tungsten,W,Metals and alloys,cr,3200,3680,39.171089,70.159972,-49.086666,8.70265,0.385,0.99988,183.84,W(cr),j,"Crystal. Ref-Elm. Chase,1998 pp1925-8."
Tungsten,W,Metals and alloys,L,3680,6000,35.563797,0,0,0,0,1,183.84,W(L),j,"Liquid. Ref-Elm. Chase,1998 pp1925-8."
WC,WC,Refractories,cr,298.15,1399.08,19.27059,76.056428,-66.271624,20.991305,3.489,0.99562,195.8507,WC(cr),bar,"Hf:Wagman,1982 p203. Barin,1989 pt2 p1642."
WC,WC,Refractories,cr,1399.08,2500,40.693287,11.457674,-2.120096,0.150356,0.004,1,195.8507,WC(cr),bar,"Hf:Wagman,1982 p203. Barin,1989 pt2 p1642."
WCL6,WCL6,Other technologically relevant materials,I,298.15,450,125.55821,167.029133,0.90576,-0.810611,0,1,396.558,WCL6(I),j12/66,"Alpha1. Chase,1998 pp931-4."
WCL6,WCL6,Other technologically relevant materials,II,450,503,122.98062,181.102633,-24.066362,13.470437,0,1,396.558,WCL6(II),j12/66,"Alpha2. Chase,1998 pp931-4."
WCL6,WCL6,Other technologically relevant materials,III,503,555,188.278927,0,0,0,0,1,396.558,WCL6(III),j12/66,"Beta. Chase,1998 pp931-4."
WCL6,WCL6,Other technologically relevant materials,L,555,6000,200.830856,0,0,0,0,1,396.558,WCL6(L),j12/66,"Liquid. Chase,1998 pp931-4."
WOCL4,WOCL4,Other technologically relevant materials,cr,298.15,484,115.368332,102.187193,6.178069,-5.198535,0,1,341.6514,WOCL4(cr),j,"Crystal. Chase,1998 pp897-9."
WOCL4,WOCL4,Other technologically relevant materials,L,484,6000,182.002963,0,0,0,0,1,341.6514,WOCL4(L),j,"Liquid. Chase,1998 pp897-9."
WO2,WO2,Ceramics,cr,100,298.15,-28.909574,674.594627,-2194.277979,2977.696276,3.203,0.99974,215.8388,WO2(cr),tpis82,"Gurvich,1982 pt1 p46 pt2 p49."
WO2,WO2,Ceramics,cr,298.15,1010.88,21.404641,167.262341,-187.731301,77.704272,1.551,0.99858,215.8388,WO2(cr),tpis82,"Gurvich,1982 pt1 p46 pt2 p49."
WO2,WO2,Ceramics,cr,1010.88,1723.61,58.887704,24.481359,-6.237132,1.22059,0.006,1,215.8388,WO2(cr),tpis82,"Gurvich,1982 pt1 p46 pt2 p49."
WO2,WO2,Ceramics,cr,1723.61,3149.07,63.966774,15.301757,-0.638392,0.070173,0.003,1,215.8388,WO2(cr),tpis82,"Gurvich,1982 pt1 p46 pt2 p49."
WO2,WO2,Ceramics,cr,3149.07,6000,65.683224,13.576682,-0.052445,0.003072,0.001,1,215.8388,WO2(cr),tpis82,"Gurvich,1982 pt1 p46 pt2 p49."
WO2CL2,WO2CL2,Other technologically relevant materials,cr,298.15,1000,76.220326,74.954659,88.639539,-81.446378,0.398,0.99986,286.7448,WO2CL2(cr),j,"Chase,1998 p848."
WO3,WO3,Ceramics,III,100,212.5,-32.248808,1038.698939,-4851.605734,10048.366489,2.678,0.99934,231.8382,WO3(III),tpis82,"Gurvich,1982 pt1 p49 pt2 p51."
WO3,WO3,Ceramics,III,212.5,325,16.949636,-39.435995,2298.027003,-4895.864292,0.039,1,231.8382,WO3(III),tpis82,"Gurvich,1982 pt1 p49 pt2 p51."
WO3,WO3,Ceramics,"III,II",325,1013,57.437202,80.960231,-53.365108,21.570045,0.248,0.99996,231.8382,"WO3(III,II)",tpis82,"Gurvich,1982 pt1 p49 pt2 p51."
WO3,WO3,Ceramics,I,1013,1747,80.962539,16.284907,0,0,0,1,231.8382,WO3(I),tpis82,"Gurvich,1982 pt1 p49 pt2 p51."
WO3,WO3,Ceramics,L,1747,6000,128.999265,0,0,0,0,1,231.8382,WO3(L),tpis82,"Liquid. Gurvich,1982 pt1 p49 pt2 p51."
Zinc,Zn,Metals and alloys,cr,200,692.73,18.101433,44.756907,-92.700568,79.544598,0.342,0.99929,65.39,Zn(cr),coda89,"Crystal. Ref-Elm. Cox,1989 p221."
Zinc,Zn,Metals and alloys,L,692.73,6000,31.399821,0,0,0,0,1,65.39,Zn(L),coda89,"Liquid. Ref-Elm. Cox,1989 p221."
ZnSO4,ZnSO4,Other technologically relevant materials,a,200,540,13.951785,419.977699,-571.574779,400.379092,0.302,0.99995,161.4526,ZnSO4(a),j,"Alpha. Chase,1998 p1788."
ZnSO4,ZnSO4,Other technologically relevant materials,a',540,1013,132.730717,3.44158,9.667536,-3.823342,0.024,0.99996,161.4526,ZnSO4(a'),j,"Alpha'.Chase,1998 p1788."
ZnSO4,ZnSO4,Other technologically relevant materials,b,1013,6000,145.183973,0,0,0,0,1,161.4526,ZnSO4(b),j,"Beta. Chase,1998 p1788."
Zirconium,Zr,Metals and alloys,a,200,1135,22.156169,12.040212,-9.446754,6.307972,1.533,0.99874,91.224,Zr(a),j,"Alpha. Ref-Elm. Chase,1998 pp1943-7."
Zirconium,Zr,Metals and alloys,b,1135,2125,32.381361,-9.593459,5.302586,0.003485,0.001,1,91.224,Zr(b),j,"Beta. Ref-Elm. Chase,1998 pp1943-7."
Zirconium,Zr,Metals and alloys,L,2125,6000,41.839762,0,0,0,0,1,91.224,Zr(L),j,"Liquid. Ref-Elm. Chase,1998 pp1943-7."
ZrC,ZrC,Refractories,cr,200,800,0.178282,191.363342,-255.842279,122.65375,1.731,0.99964,103.2347,ZrC(cr),j12/64,"Crystal. Chase,1998 pp658-60."
ZrC,ZrC,Refractories,cr,800,3805,47.641016,7.068833,-1.44808,0.186496,0.756,0.99907,103.2347,ZrC(cr),j12/64,"Crystal. Chase,1998 pp658-60."
ZrC,ZrC,Refractories,L,3805,6000,62.759642,0,0,0,0,1,103.2347,ZrC(L),j12/64,"Liquid. Chase,1998 pp658-60."
ZrN,ZrN,Refractories,cr,200,800,4.014747,195.152675,-295.840384,157.403254,2.231,0.99768,105.2307,ZrN(cr),g11/00,"Chase,1998 pp1617-9 6/61."
ZrN,ZrN,Refractories,cr,800,3225,43.43978,10.472513,-1.392014,0.189384,0.166,0.99998,105.2307,ZrN(cr),g11/00,"Chase,1998 pp1617-9 6/61."
ZrN,ZrN,Refractories,L,3225,6000,58.575666,0,0,0,0,1,105.2307,ZrN(L),g11/00,"Chase,1998 pp1617-9 6/61."
ZrO2,ZrO2,Refractories,III,200,500,-8.44133,363.437345,-599.212454,351.873421,0.731,0.99986,123.2228,ZrO2(III),tpis82,"Monoclinic. Gurvich,1982 pt1 p123 pt2 p122."
ZrO2,ZrO2,Refractories,III,500,1445,49.060028,52.374623,-35.051177,9.730461,0.307,0.99977,123.2228,ZrO2(III),tpis82,"Monoclinic. Gurvich,1982 pt1 p123 pt2 p122."
ZrO2,ZrO2,Refractories,II,1445,2620,78.099555,0,0,0,0,1,123.2228,ZrO2(II),tpis82,"Tetragonal. Gurvich,1982 pt1 p123 pt2 p122."
ZrO2,ZrO2,Refractories,I,2620,2983,79.999544,0,0,0,0,1,123.2228,ZrO2(I),tpis82,"Cubic. Gurvich,1982 pt1 p123 pt2 p122."
ZrO2,ZrO2,Refractories,L,2983,6000,99.99943,0,0,0,0,1,123.2228,ZrO2(L),tpis82,"Liquid. Gurvich,1982 pt1 p123 pt2 p122."
